release_id,curve_id,source_id,source_family_id,formulation_id,sample_id,chemistry_mapping_status,endpoint_use,cycle_number,point_count,maximum_strain_percent,peak_stress_MPa,peak_stress_retention_percent,residual_strain_percent,elastic_recovery_percent,loading_energy_MJ_m3,unloading_energy_MJ_m3,hysteresis_energy_MJ_m3,energy_dissipation_percent,quality_status,source_locator,citation_keys
tpuu-cyclic-endpoints-2026-08-30-v1,drum-low-ceiling:TPUU-C:MSM_3_109[1Cycle]:cyclic-tensile,source_drum_zf53w893,family_drum_low_ceiling_tpuu,TPUU-C,MSM_3_109[1Cycle],formulation_id_only,family_calibration_only,1,1385,50.00029,2.0821466915,100.0,3.753444070914037,92.49315539787062,0.6580199006506987,0.5433041858693728,0.11471571478132592,17.433471946347908,valid,数据/原始/外部数据/新增开放数据/DRUM_TPUU_低天花板/解包内容/Raw_Mechanical_Testing/TPUU-C_hysteresis.csv#row=4,ledger-055-meyersohn-2024-low-ceiling-tpuu-data;ledger-056-meyersohn-2024-low-ceiling-tpuu
tpuu-cyclic-endpoints-2026-08-30-v1,drum-low-ceiling:TPUU-C:MSM_3_109[1Cycle]:cyclic-tensile,source_drum_zf53w893,family_drum_low_ceiling_tpuu,TPUU-C,MSM_3_109[1Cycle],formulation_id_only,family_calibration_only,2,1411,50.00029,2.1345967999999997,102.51904002317022,4.609059249766554,90.78193496524409,0.6354759771819223,0.5757622118281934,0.059713765353728854,9.396699088222837,valid,数据/原始/外部数据/新增开放数据/DRUM_TPUU_低天花板/解包内容/Raw_Mechanical_Testing/TPUU-C_hysteresis.csv#row=4,ledger-055-meyersohn-2024-low-ceiling-tpuu-data;ledger-056-meyersohn-2024-low-ceiling-tpuu
tpuu-cyclic-endpoints-2026-08-30-v1,drum-low-ceiling:TPUU-C:MSM_3_109[1Cycle]:cyclic-tensile,source_drum_zf53w893,family_drum_low_ceiling_tpuu,TPUU-C,MSM_3_109[1Cycle],formulation_id_only,family_calibration_only,3,1411,50.00058,2.133273,102.45546140954977,5.007467815500126,89.98518054090546,0.6312071274750749,0.5781645508492292,0.05304257662584566,8.403355145564355,valid,数据/原始/外部数据/新增开放数据/DRUM_TPUU_低天花板/解包内容/Raw_Mechanical_Testing/TPUU-C_hysteresis.csv#row=4,ledger-055-meyersohn-2024-low-ceiling-tpuu-data;ledger-056-meyersohn-2024-low-ceiling-tpuu
tpuu-cyclic-endpoints-2026-08-30-v1,drum-low-ceiling:TPUU-C:MSM_3_109[1Cycle]:cyclic-tensile,source_drum_zf53w893,family_drum_low_ceiling_tpuu,TPUU-C,MSM_3_109[1Cycle],formulation_id_only,family_calibration_only,4,1411,50.00058,2.1276933,102.18748317234014,5.4059639463526485,89.18819752420342,0.6247974294458442,0.5745155100490946,0.05028191939674953,8.047715471772413,valid,数据/原始/外部数据/新增开放数据/DRUM_TPUU_低天花板/解包内容/Raw_Mechanical_Testing/TPUU-C_hysteresis.csv#row=4,ledger-055-meyersohn-2024-low-ceiling-tpuu-data;ledger-056-meyersohn-2024-low-ceiling-tpuu
tpuu-cyclic-endpoints-2026-08-30-v1,drum-low-ceiling:TPUU-C:MSM_3_109[1Cycle]:cyclic-tensile,source_drum_zf53w893,family_drum_low_ceiling_tpuu,TPUU-C,MSM_3_109[1Cycle],formulation_id_only,family_calibration_only,5,1411,50.00058,2.1120176500000003,101.43462315224681,5.548067746690372,88.90399322029789,0.6150790338513367,0.5666395980309985,0.04843943582033816,7.8753189678785045,valid,数据/原始/外部数据/新增开放数据/DRUM_TPUU_低天花板/解包内容/Raw_Mechanical_Testing/TPUU-C_hysteresis.csv#row=4,ledger-055-meyersohn-2024-low-ceiling-tpuu-data;ledger-056-meyersohn-2024-low-ceiling-tpuu
tpuu-cyclic-endpoints-2026-08-30-v1,drum-low-ceiling:TPUU-C:MSM_3_109[1Cycle]:cyclic-tensile,source_drum_zf53w893,family_drum_low_ceiling_tpuu,TPUU-C,MSM_3_109[1Cycle],formulation_id_only,family_calibration_only,6,1411,50.00029,2.09130755,100.43997181069888,5.8045175,88.39103233201246,0.6056720710004475,0.558388103831881,0.04728396716856653,7.806859426498402,valid,数据/原始/外部数据/新增开放数据/DRUM_TPUU_低天花板/解包内容/Raw_Mechanical_Testing/TPUU-C_hysteresis.csv#row=4,ledger-055-meyersohn-2024-low-ceiling-tpuu-data;ledger-056-meyersohn-2024-low-ceiling-tpuu
tpuu-cyclic-endpoints-2026-08-30-v1,drum-low-ceiling:TPUU-C:MSM_3_109[1Cycle]:cyclic-tensile,source_drum_zf53w893,family_drum_low_ceiling_tpuu,TPUU-C,MSM_3_109[1Cycle],formulation_id_only,family_calibration_only,7,1411,50.00058,2.07939535,99.86786034282638,5.921829542439734,88.15647829997226,0.5996293217367208,0.5529772554890863,0.046652066247634516,7.7801509293299755,valid,数据/原始/外部数据/新增开放数据/DRUM_TPUU_低天花板/解包内容/Raw_Mechanical_Testing/TPUU-C_hysteresis.csv#row=4,ledger-055-meyersohn-2024-low-ceiling-tpuu-data;ledger-056-meyersohn-2024-low-ceiling-tpuu
tpuu-cyclic-endpoints-2026-08-30-v1,drum-low-ceiling:TPUU-C:MSM_3_109[1Cycle]:cyclic-tensile,source_drum_zf53w893,family_drum_low_ceiling_tpuu,TPUU-C,MSM_3_109[1Cycle],formulation_id_only,family_calibration_only,8,1411,50.00058,2.0681315,99.32688741109284,6.1534103622069205,87.69332203305058,0.5942852626893936,0.5484714236885793,0.04581383900081437,7.709065305353066,valid,数据/原始/外部数据/新增开放数据/DRUM_TPUU_低天花板/解包内容/Raw_Mechanical_Testing/TPUU-C_hysteresis.csv#row=4,ledger-055-meyersohn-2024-low-ceiling-tpuu-data;ledger-056-meyersohn-2024-low-ceiling-tpuu
tpuu-cyclic-endpoints-2026-08-30-v1,drum-low-ceiling:TPUU-C:MSM_3_109[1Cycle]:cyclic-tensile,source_drum_zf53w893,family_drum_low_ceiling_tpuu,TPUU-C,MSM_3_109[1Cycle],formulation_id_only,family_calibration_only,9,1411,50.00029,2.06172145,99.01902965898691,6.219311945691256,87.56144825221763,0.5908187716057166,0.5452306246501626,0.04558814695555402,7.716096567422083,valid,数据/原始/外部数据/新增开放数据/DRUM_TPUU_低天花板/解包内容/Raw_Mechanical_Testing/TPUU-C_hysteresis.csv#row=4,ledger-055-meyersohn-2024-low-ceiling-tpuu-data;ledger-056-meyersohn-2024-low-ceiling-tpuu
tpuu-cyclic-endpoints-2026-08-30-v1,drum-low-ceiling:TPUU-C:MSM_3_109[1Cycle]:cyclic-tensile,source_drum_zf53w893,family_drum_low_ceiling_tpuu,TPUU-C,MSM_3_109[1Cycle],formulation_id_only,family_calibration_only,10,1411,50.00029,2.0578283,98.83205195871763,6.273098807778519,87.45387515196708,0.5880262435565179,0.5431343505404739,0.044891893016044015,7.634334948135567,valid,数据/原始/外部数据/新增开放数据/DRUM_TPUU_低天花板/解包内容/Raw_Mechanical_Testing/TPUU-C_hysteresis.csv#row=4,ledger-055-meyersohn-2024-low-ceiling-tpuu-data;ledger-056-meyersohn-2024-low-ceiling-tpuu
tpuu-cyclic-endpoints-2026-08-30-v1,drum-low-ceiling:TPUU-C:MSM_3_109[1Cycle]:cyclic-tensile,source_drum_zf53w893,family_drum_low_ceiling_tpuu,TPUU-C,MSM_3_109[1Cycle],formulation_id_only,family_calibration_only,11,1411,50.00058,2.0503544000000002,98.47310030413388,6.4559805,87.08818877701017,0.5854258963987843,0.5406617925353207,0.04476410386346363,7.646416760657087,valid,数据/原始/外部数据/新增开放数据/DRUM_TPUU_低天花板/解包内容/Raw_Mechanical_Testing/TPUU-C_hysteresis.csv#row=4,ledger-055-meyersohn-2024-low-ceiling-tpuu-data;ledger-056-meyersohn-2024-low-ceiling-tpuu
tpuu-cyclic-endpoints-2026-08-30-v1,drum-low-ceiling:TPUU-C:MSM_3_109[1Cycle]:cyclic-tensile,source_drum_zf53w893,family_drum_low_ceiling_tpuu,TPUU-C,MSM_3_109[1Cycle],formulation_id_only,family_calibration_only,12,1411,50.00058,2.04290505,98.11532772113524,6.5094877229074575,86.98117557254844,0.5819488323179459,0.5379204969040575,0.0440283354138884,7.565671235823299,valid,数据/原始/外部数据/新增开放数据/DRUM_TPUU_低天花板/解包内容/Raw_Mechanical_Testing/TPUU-C_hysteresis.csv#row=4,ledger-055-meyersohn-2024-low-ceiling-tpuu-data;ledger-056-meyersohn-2024-low-ceiling-tpuu
tpuu-cyclic-endpoints-2026-08-30-v1,drum-low-ceiling:TPUU-C:MSM_3_109[1Cycle]:cyclic-tensile,source_drum_zf53w893,family_drum_low_ceiling_tpuu,TPUU-C,MSM_3_109[1Cycle],formulation_id_only,family_calibration_only,13,1411,50.0,2.03592385,97.78003914475879,6.781350963053767,86.43729807389246,0.5779933236631238,0.5338481156344079,0.04414520802871591,7.637667464554554,valid,数据/原始/外部数据/新增开放数据/DRUM_TPUU_低天花板/解包内容/Raw_Mechanical_Testing/TPUU-C_hysteresis.csv#row=4,ledger-055-meyersohn-2024-low-ceiling-tpuu-data;ledger-056-meyersohn-2024-low-ceiling-tpuu
tpuu-cyclic-endpoints-2026-08-30-v1,drum-low-ceiling:TPUU-C:MSM_3_109[1Cycle]:cyclic-tensile,source_drum_zf53w893,family_drum_low_ceiling_tpuu,TPUU-C,MSM_3_109[1Cycle],formulation_id_only,family_calibration_only,14,1411,50.00058,2.03218705,97.60057052157028,6.647903996211126,86.7043462371614,0.5730535625026446,0.5292911822661718,0.04376238023647283,7.636699795627022,valid,数据/原始/外部数据/新增开放数据/DRUM_TPUU_低天花板/解包内容/Raw_Mechanical_Testing/TPUU-C_hysteresis.csv#row=4,ledger-055-meyersohn-2024-low-ceiling-tpuu-data;ledger-056-meyersohn-2024-low-ceiling-tpuu
tpuu-cyclic-endpoints-2026-08-30-v1,drum-low-ceiling:TPUU-C:MSM_3_109[1Cycle]:cyclic-tensile,source_drum_zf53w893,family_drum_low_ceiling_tpuu,TPUU-C,MSM_3_109[1Cycle],formulation_id_only,family_calibration_only,15,1411,50.00029,2.023597,97.18801313379988,6.748761090464838,86.50255610424492,0.5702901021323137,0.5267067706631092,0.043583331469204456,7.6423089417555135,valid,数据/原始/外部数据/新增开放数据/DRUM_TPUU_低天花板/解包内容/Raw_Mechanical_Testing/TPUU-C_hysteresis.csv#row=4,ledger-055-meyersohn-2024-low-ceiling-tpuu-data;ledger-056-meyersohn-2024-low-ceiling-tpuu
tpuu-cyclic-endpoints-2026-08-30-v1,drum-low-ceiling:TPUU-C:MSM_3_109[1Cycle]:cyclic-tensile,source_drum_zf53w893,family_drum_low_ceiling_tpuu,TPUU-C,MSM_3_109[1Cycle],formulation_id_only,family_calibration_only,16,1411,50.00029,2.02123515,97.07457972348149,6.9602077527370785,86.0796652324675,0.5696367156326415,0.5258624005666712,0.04377431506597029,7.684602109496104,valid,数据/原始/外部数据/新增开放数据/DRUM_TPUU_低天花板/解包内容/Raw_Mechanical_Testing/TPUU-C_hysteresis.csv#row=4,ledger-055-meyersohn-2024-low-ceiling-tpuu-data;ledger-056-meyersohn-2024-low-ceiling-tpuu
tpuu-cyclic-endpoints-2026-08-30-v1,drum-low-ceiling:TPUU-C:MSM_3_109[1Cycle]:cyclic-tensile,source_drum_zf53w893,family_drum_low_ceiling_tpuu,TPUU-C,MSM_3_109[1Cycle],formulation_id_only,family_calibration_only,17,1411,50.00029,2.01838075,96.93749043905919,7.011015686320918,85.97804995466842,0.5676021308978269,0.5241860151294581,0.04341611576836879,7.649040305696818,valid,数据/原始/外部数据/新增开放数据/DRUM_TPUU_低天花板/解包内容/Raw_Mechanical_Testing/TPUU-C_hysteresis.csv#row=4,ledger-055-meyersohn-2024-low-ceiling-tpuu-data;ledger-056-meyersohn-2024-low-ceiling-tpuu
tpuu-cyclic-endpoints-2026-08-30-v1,drum-low-ceiling:TPUU-C:MSM_3_109[1Cycle]:cyclic-tensile,source_drum_zf53w893,family_drum_low_ceiling_tpuu,TPUU-C,MSM_3_109[1Cycle],formulation_id_only,family_calibration_only,18,1411,50.00058,2.0146433999999998,96.75799540082498,7.042467155839145,85.91522907166447,0.5661308895102932,0.5228169046485873,0.0433139848617059,7.650878209308234,valid,数据/原始/外部数据/新增开放数据/DRUM_TPUU_低天花板/解包内容/Raw_Mechanical_Testing/TPUU-C_hysteresis.csv#row=4,ledger-055-meyersohn-2024-low-ceiling-tpuu-data;ledger-056-meyersohn-2024-low-ceiling-tpuu
tpuu-cyclic-endpoints-2026-08-30-v1,drum-low-ceiling:TPUU-C:MSM_3_109[1Cycle]:cyclic-tensile,source_drum_zf53w893,family_drum_low_ceiling_tpuu,TPUU-C,MSM_3_109[1Cycle],formulation_id_only,family_calibration_only,19,1411,50.00058,2.0130079999999997,96.67945146313433,7.081206239226298,85.83775180362649,0.5642081765823563,0.5212047599679521,0.04300341661440421,7.6219059558643405,valid,数据/原始/外部数据/新增开放数据/DRUM_TPUU_低天花板/解包内容/Raw_Mechanical_Testing/TPUU-C_hysteresis.csv#row=4,ledger-055-meyersohn-2024-low-ceiling-tpuu-data;ledger-056-meyersohn-2024-low-ceiling-tpuu
tpuu-cyclic-endpoints-2026-08-30-v1,drum-low-ceiling:TPUU-C:MSM_3_109[1Cycle]:cyclic-tensile,source_drum_zf53w893,family_drum_low_ceiling_tpuu,TPUU-C,MSM_3_109[1Cycle],formulation_id_only,family_calibration_only,20,1411,50.0,2.00579295,96.33293168960185,7.205003142947074,85.58999371410584,0.5631135324535903,0.5198117599920138,0.043301772461576515,7.689705532897184,valid,数据/原始/外部数据/新增开放数据/DRUM_TPUU_低天花板/解包内容/Raw_Mechanical_Testing/TPUU-C_hysteresis.csv#row=4,ledger-055-meyersohn-2024-low-ceiling-tpuu-data;ledger-056-meyersohn-2024-low-ceiling-tpuu
tpuu-cyclic-endpoints-2026-08-30-v1,drum-low-ceiling:TPUU-D:MSM_3_121_tpuu_[1Cycle]:cyclic-tensile,source_drum_zf53w893,family_drum_low_ceiling_tpuu,TPUU-D,MSM_3_121_tpuu_[1Cycle],formulation_id_only,family_calibration_only,1,1366,50.0,3.5297357750000002,100.0,5.822739208370095,88.35452158325981,1.1370305482161234,0.7364179948203959,0.40061255339572743,35.23322693697586,valid,数据/原始/外部数据/新增开放数据/DRUM_TPUU_低天花板/解包内容/Raw_Mechanical_Testing/TPUU-D_hysteresis.csv#row=4,ledger-055-meyersohn-2024-low-ceiling-tpuu-data;ledger-056-meyersohn-2024-low-ceiling-tpuu
tpuu-cyclic-endpoints-2026-08-30-v1,drum-low-ceiling:TPUU-D:MSM_3_121_tpuu_[1Cycle]:cyclic-tensile,source_drum_zf53w893,family_drum_low_ceiling_tpuu,TPUU-D,MSM_3_121_tpuu_[1Cycle],formulation_id_only,family_calibration_only,2,1392,50.00029,3.389826775,96.03627554813221,6.690507689807099,86.61906222982488,0.9107527506115246,0.7130519351045738,0.19770081550695084,21.707408006641177,valid,数据/原始/外部数据/新增开放数据/DRUM_TPUU_低天花板/解包内容/Raw_Mechanical_Testing/TPUU-D_hysteresis.csv#row=4,ledger-055-meyersohn-2024-low-ceiling-tpuu-data;ledger-056-meyersohn-2024-low-ceiling-tpuu
tpuu-cyclic-endpoints-2026-08-30-v1,drum-low-ceiling:TPUU-D:MSM_3_121_tpuu_[1Cycle]:cyclic-tensile,source_drum_zf53w893,family_drum_low_ceiling_tpuu,TPUU-D,MSM_3_121_tpuu_[1Cycle],formulation_id_only,family_calibration_only,3,1391,50.00029,3.2965407399999997,93.39341384554484,7.205301328468013,85.58948092407462,0.8624998845668017,0.6867474501794895,0.17575243438731225,20.377096569188005,valid,数据/原始/外部数据/新增开放数据/DRUM_TPUU_低天花板/解包内容/Raw_Mechanical_Testing/TPUU-D_hysteresis.csv#row=4,ledger-055-meyersohn-2024-low-ceiling-tpuu-data;ledger-056-meyersohn-2024-low-ceiling-tpuu
tpuu-cyclic-endpoints-2026-08-30-v1,drum-low-ceiling:TPUU-D:MSM_3_121_tpuu_[1Cycle]:cyclic-tensile,source_drum_zf53w893,family_drum_low_ceiling_tpuu,TPUU-D,MSM_3_121_tpuu_[1Cycle],formulation_id_only,family_calibration_only,4,1390,50.0,3.2388987200000003,91.76037319677278,7.608501187318035,84.78299762536393,0.8368603158836626,0.671833518421236,0.16502679746242666,19.719754220651577,valid,数据/原始/外部数据/新增开放数据/DRUM_TPUU_低天花板/解包内容/Raw_Mechanical_Testing/TPUU-D_hysteresis.csv#row=4,ledger-055-meyersohn-2024-low-ceiling-tpuu-data;ledger-056-meyersohn-2024-low-ceiling-tpuu
tpuu-cyclic-endpoints-2026-08-30-v1,drum-low-ceiling:TPUU-D:MSM_3_121_tpuu_[1Cycle]:cyclic-tensile,source_drum_zf53w893,family_drum_low_ceiling_tpuu,TPUU-D,MSM_3_121_tpuu_[1Cycle],formulation_id_only,family_calibration_only,5,1392,50.0,3.2034971949999997,90.75742206227886,7.937523078349499,84.12495384330101,0.8198709071282376,0.6613234613652491,0.15854744576298851,19.338098764637564,valid,数据/原始/外部数据/新增开放数据/DRUM_TPUU_低天花板/解包内容/Raw_Mechanical_Testing/TPUU-D_hysteresis.csv#row=4,ledger-055-meyersohn-2024-low-ceiling-tpuu-data;ledger-056-meyersohn-2024-low-ceiling-tpuu
tpuu-cyclic-endpoints-2026-08-30-v1,drum-low-ceiling:TPUU-D:MSM_3_121_tpuu_[1Cycle]:cyclic-tensile,source_drum_zf53w893,family_drum_low_ceiling_tpuu,TPUU-D,MSM_3_121_tpuu_[1Cycle],formulation_id_only,family_calibration_only,6,1390,49.99971,3.1600225999999996,89.52575494124626,8.075238982336309,83.84942836201188,0.8027359455679907,0.6487846567701723,0.1539512887978184,19.17832254152856,valid,数据/原始/外部数据/新增开放数据/DRUM_TPUU_低天花板/解包内容/Raw_Mechanical_Testing/TPUU-D_hysteresis.csv#row=4,ledger-055-meyersohn-2024-low-ceiling-tpuu-data;ledger-056-meyersohn-2024-low-ceiling-tpuu
tpuu-cyclic-endpoints-2026-08-30-v1,drum-low-ceiling:TPUU-D:MSM_3_121_tpuu_[1Cycle]:cyclic-tensile,source_drum_zf53w893,family_drum_low_ceiling_tpuu,TPUU-D,MSM_3_121_tpuu_[1Cycle],formulation_id_only,family_calibration_only,7,1391,49.99971,3.133986715,88.78813924818493,8.302984514643937,83.39393465553313,0.7890369126650203,0.6384127624502847,0.15062415021473563,19.089620244253638,valid,数据/原始/外部数据/新增开放数据/DRUM_TPUU_低天花板/解包内容/Raw_Mechanical_Testing/TPUU-D_hysteresis.csv#row=4,ledger-055-meyersohn-2024-low-ceiling-tpuu-data;ledger-056-meyersohn-2024-low-ceiling-tpuu
tpuu-cyclic-endpoints-2026-08-30-v1,drum-low-ceiling:TPUU-D:MSM_3_121_tpuu_[1Cycle]:cyclic-tensile,source_drum_zf53w893,family_drum_low_ceiling_tpuu,TPUU-D,MSM_3_121_tpuu_[1Cycle],formulation_id_only,family_calibration_only,8,1391,50.0,3.10956469,88.09624539105906,8.515631085800196,82.96873782839961,0.7803998398355446,0.631715815395099,0.1486840244404456,19.052287923556992,valid,数据/原始/外部数据/新增开放数据/DRUM_TPUU_低天花板/解包内容/Raw_Mechanical_Testing/TPUU-D_hysteresis.csv#row=4,ledger-055-meyersohn-2024-low-ceiling-tpuu-data;ledger-056-meyersohn-2024-low-ceiling-tpuu
tpuu-cyclic-endpoints-2026-08-30-v1,drum-low-ceiling:TPUU-D:MSM_3_121_tpuu_[1Cycle]:cyclic-tensile,source_drum_zf53w893,family_drum_low_ceiling_tpuu,TPUU-D,MSM_3_121_tpuu_[1Cycle],formulation_id_only,family_calibration_only,9,1391,50.0,3.093257155,87.63424097941154,8.619939148177826,82.76012170364434,0.7744723570789126,0.6281868733153694,0.14628548376354322,18.888406077563577,valid,数据/原始/外部数据/新增开放数据/DRUM_TPUU_低天花板/解包内容/Raw_Mechanical_Testing/TPUU-D_hysteresis.csv#row=4,ledger-055-meyersohn-2024-low-ceiling-tpuu-data;ledger-056-meyersohn-2024-low-ceiling-tpuu
tpuu-cyclic-endpoints-2026-08-30-v1,drum-low-ceiling:TPUU-D:MSM_3_121_tpuu_[1Cycle]:cyclic-tensile,source_drum_zf53w893,family_drum_low_ceiling_tpuu,TPUU-D,MSM_3_121_tpuu_[1Cycle],formulation_id_only,family_calibration_only,10,1391,50.0,3.0812282399999997,87.2934530064081,8.760427268108181,82.47914546378364,0.766758066899527,0.6233844385284278,0.14337362837109913,18.69867883501332,valid,数据/原始/外部数据/新增开放数据/DRUM_TPUU_低天花板/解包内容/Raw_Mechanical_Testing/TPUU-D_hysteresis.csv#row=4,ledger-055-meyersohn-2024-low-ceiling-tpuu-data;ledger-056-meyersohn-2024-low-ceiling-tpuu
tpuu-cyclic-endpoints-2026-08-30-v1,drum-low-ceiling:TPUU-D:MSM_3_121_tpuu_[1Cycle]:cyclic-tensile,source_drum_zf53w893,family_drum_low_ceiling_tpuu,TPUU-D,MSM_3_121_tpuu_[1Cycle],formulation_id_only,family_calibration_only,11,1392,50.0,3.057371545,86.61757536228049,8.851363991782824,82.29727201643435,0.758641717075964,0.6162214821134222,0.14242023496254175,18.773056075992326,valid,数据/原始/外部数据/新增开放数据/DRUM_TPUU_低天花板/解包内容/Raw_Mechanical_Testing/TPUU-D_hysteresis.csv#row=4,ledger-055-meyersohn-2024-low-ceiling-tpuu-data;ledger-056-meyersohn-2024-low-ceiling-tpuu
tpuu-cyclic-endpoints-2026-08-30-v1,drum-low-ceiling:TPUU-D:MSM_3_121_tpuu_[1Cycle]:cyclic-tensile,source_drum_zf53w893,family_drum_low_ceiling_tpuu,TPUU-D,MSM_3_121_tpuu_[1Cycle],formulation_id_only,family_calibration_only,12,1391,49.99971,3.05256763,86.48147693151337,8.914681794155873,82.17053300077966,0.7540561954287138,0.6131796829211046,0.14087651250760924,18.682495198851168,valid,数据/原始/外部数据/新增开放数据/DRUM_TPUU_低天花板/解包内容/Raw_Mechanical_Testing/TPUU-D_hysteresis.csv#row=4,ledger-055-meyersohn-2024-low-ceiling-tpuu-data;ledger-056-meyersohn-2024-low-ceiling-tpuu
tpuu-cyclic-endpoints-2026-08-30-v1,drum-low-ceiling:TPUU-D:MSM_3_121_tpuu_[1Cycle]:cyclic-tensile,source_drum_zf53w893,family_drum_low_ceiling_tpuu,TPUU-D,MSM_3_121_tpuu_[1Cycle],formulation_id_only,family_calibration_only,13,1391,50.00029,3.0287923,85.80790441743476,8.976554170327027,82.04699578677038,0.7477294889926566,0.6088796266255863,0.1388498623670703,18.569531416251788,valid,数据/原始/外部数据/新增开放数据/DRUM_TPUU_低天花板/解包内容/Raw_Mechanical_Testing/TPUU-D_hysteresis.csv#row=4,ledger-055-meyersohn-2024-low-ceiling-tpuu-data;ledger-056-meyersohn-2024-low-ceiling-tpuu
tpuu-cyclic-endpoints-2026-08-30-v1,drum-low-ceiling:TPUU-D:MSM_3_121_tpuu_[1Cycle]:cyclic-tensile,source_drum_zf53w893,family_drum_low_ceiling_tpuu,TPUU-D,MSM_3_121_tpuu_[1Cycle],formulation_id_only,family_calibration_only,14,1391,49.99971,3.011636575,85.32187016179702,9.085724385269243,81.82844583444735,0.7423087326735729,0.6046241515110377,0.13768458116253524,18.548155922487503,valid,数据/原始/外部数据/新增开放数据/DRUM_TPUU_低天花板/解包内容/Raw_Mechanical_Testing/TPUU-D_hysteresis.csv#row=4,ledger-055-meyersohn-2024-low-ceiling-tpuu-data;ledger-056-meyersohn-2024-low-ceiling-tpuu
tpuu-cyclic-endpoints-2026-08-30-v1,drum-low-ceiling:TPUU-D:MSM_3_121_tpuu_[1Cycle]:cyclic-tensile,source_drum_zf53w893,family_drum_low_ceiling_tpuu,TPUU-D,MSM_3_121_tpuu_[1Cycle],formulation_id_only,family_calibration_only,15,1391,49.99971,3.00429033,85.11374565989999,9.189761500507245,81.62037039713381,0.7393161023721011,0.6029254123263252,0.13639069004577586,18.448223920480743,valid,数据/原始/外部数据/新增开放数据/DRUM_TPUU_低天花板/解包内容/Raw_Mechanical_Testing/TPUU-D_hysteresis.csv#row=4,ledger-055-meyersohn-2024-low-ceiling-tpuu-data;ledger-056-meyersohn-2024-low-ceiling-tpuu
tpuu-cyclic-endpoints-2026-08-30-v1,drum-low-ceiling:TPUU-D:MSM_3_121_tpuu_[1Cycle]:cyclic-tensile,source_drum_zf53w893,family_drum_low_ceiling_tpuu,TPUU-D,MSM_3_121_tpuu_[1Cycle],formulation_id_only,family_calibration_only,16,1391,50.0,2.9970238649999996,84.90788138384097,9.416876632271594,81.16624673545681,0.7362395727724472,0.5998191495123085,0.1364204232601387,18.529352170845993,valid,数据/原始/外部数据/新增开放数据/DRUM_TPUU_低天花板/解包内容/Raw_Mechanical_Testing/TPUU-D_hysteresis.csv#row=4,ledger-055-meyersohn-2024-low-ceiling-tpuu-data;ledger-056-meyersohn-2024-low-ceiling-tpuu
tpuu-cyclic-endpoints-2026-08-30-v1,drum-low-ceiling:TPUU-D:MSM_3_121_tpuu_[1Cycle]:cyclic-tensile,source_drum_zf53w893,family_drum_low_ceiling_tpuu,TPUU-D,MSM_3_121_tpuu_[1Cycle],formulation_id_only,family_calibration_only,17,1391,50.0,2.9882246099999996,84.65859204432942,9.45602876661672,81.08794246676656,0.730730037761352,0.5967851367667218,0.1339449009946302,18.330285341079005,valid,数据/原始/外部数据/新增开放数据/DRUM_TPUU_低天花板/解包内容/Raw_Mechanical_Testing/TPUU-D_hysteresis.csv#row=4,ledger-055-meyersohn-2024-low-ceiling-tpuu-data;ledger-056-meyersohn-2024-low-ceiling-tpuu
tpuu-cyclic-endpoints-2026-08-30-v1,drum-low-ceiling:TPUU-D:MSM_3_121_tpuu_[1Cycle]:cyclic-tensile,source_drum_zf53w893,family_drum_low_ceiling_tpuu,TPUU-D,MSM_3_121_tpuu_[1Cycle],formulation_id_only,family_calibration_only,18,1391,49.99971,2.98402673,84.53966302902657,9.491641174188947,81.01660754794588,0.7281952595005288,0.5938863870290905,0.1343088724714383,18.444073992401588,valid,数据/原始/外部数据/新增开放数据/DRUM_TPUU_低天花板/解包内容/Raw_Mechanical_Testing/TPUU-D_hysteresis.csv#row=4,ledger-055-meyersohn-2024-low-ceiling-tpuu-data;ledger-056-meyersohn-2024-low-ceiling-tpuu
tpuu-cyclic-endpoints-2026-08-30-v1,drum-low-ceiling:TPUU-D:MSM_3_121_tpuu_[1Cycle]:cyclic-tensile,source_drum_zf53w893,family_drum_low_ceiling_tpuu,TPUU-D,MSM_3_121_tpuu_[1Cycle],formulation_id_only,family_calibration_only,19,1391,50.0,2.98148356,84.46761316008136,9.528616903614058,80.94276619277188,0.7258675832804523,0.5921249499549064,0.13374263332554592,18.425210934632965,valid,数据/原始/外部数据/新增开放数据/DRUM_TPUU_低天花板/解包内容/Raw_Mechanical_Testing/TPUU-D_hysteresis.csv#row=4,ledger-055-meyersohn-2024-low-ceiling-tpuu-data;ledger-056-meyersohn-2024-low-ceiling-tpuu
tpuu-cyclic-endpoints-2026-08-30-v1,drum-low-ceiling:TPUU-D:MSM_3_121_tpuu_[1Cycle]:cyclic-tensile,source_drum_zf53w893,family_drum_low_ceiling_tpuu,TPUU-D,MSM_3_121_tpuu_[1Cycle],formulation_id_only,family_calibration_only,20,1391,49.99971,2.964489,83.98614482694529,9.504461537399159,80.99096667280838,0.7218135525393885,0.5896245601796329,0.13218899235975556,18.313453923759926,valid,数据/原始/外部数据/新增开放数据/DRUM_TPUU_低天花板/解包内容/Raw_Mechanical_Testing/TPUU-D_hysteresis.csv#row=4,ledger-055-meyersohn-2024-low-ceiling-tpuu-data;ledger-056-meyersohn-2024-low-ceiling-tpuu
tpuu-cyclic-endpoints-2026-08-30-v1,drum-low-ceiling:TPUU-R:MSM_3_130_1[1Cycle]:cyclic-tensile,source_drum_zf53w893,family_drum_low_ceiling_tpuu,TPUU-R,MSM_3_130_1[1Cycle],formulation_id_only,family_calibration_only,1,1242,50.0,3.027222435,100.0,6.363209871385775,87.27358025722845,0.9810363041266902,0.654901715051265,0.32613458907542514,33.24388584841896,valid,数据/原始/外部数据/新增开放数据/DRUM_TPUU_低天花板/解包内容/Raw_Mechanical_Testing/TPUU-R_hysteresis.csv#row=4,ledger-055-meyersohn-2024-low-ceiling-tpuu-data;ledger-056-meyersohn-2024-low-ceiling-tpuu
tpuu-cyclic-endpoints-2026-08-30-v1,drum-low-ceiling:TPUU-R:MSM_3_130_1[1Cycle]:cyclic-tensile,source_drum_zf53w893,family_drum_low_ceiling_tpuu,TPUU-R,MSM_3_130_1[1Cycle],formulation_id_only,family_calibration_only,2,1271,50.00064,3.0186017499999998,99.7152278966907,7.763378,84.47344273993292,0.860025138267059,0.6853872853720719,0.174637852894987,20.306133521501515,valid,数据/原始/外部数据/新增开放数据/DRUM_TPUU_低天花板/解包内容/Raw_Mechanical_Testing/TPUU-R_hysteresis.csv#row=4,ledger-055-meyersohn-2024-low-ceiling-tpuu-data;ledger-056-meyersohn-2024-low-ceiling-tpuu
tpuu-cyclic-endpoints-2026-08-30-v1,drum-low-ceiling:TPUU-R:MSM_3_130_1[1Cycle]:cyclic-tensile,source_drum_zf53w893,family_drum_low_ceiling_tpuu,TPUU-R,MSM_3_130_1[1Cycle],formulation_id_only,family_calibration_only,3,1266,50.00032,2.95636955,97.65947542602696,8.037832178796176,83.92443852600107,0.8192548355899169,0.6661141038891771,0.15314073170073972,18.69268572464005,valid,数据/原始/外部数据/新增开放数据/DRUM_TPUU_低天花板/解包内容/Raw_Mechanical_Testing/TPUU-R_hysteresis.csv#row=4,ledger-055-meyersohn-2024-low-ceiling-tpuu-data;ledger-056-meyersohn-2024-low-ceiling-tpuu
tpuu-cyclic-endpoints-2026-08-30-v1,drum-low-ceiling:TPUU-R:MSM_3_130_1[1Cycle]:cyclic-tensile,source_drum_zf53w893,family_drum_low_ceiling_tpuu,TPUU-R,MSM_3_130_1[1Cycle],formulation_id_only,family_calibration_only,4,1266,50.0,2.8840451000000003,95.27033978922002,8.586933609979061,82.82613278004187,0.7887808424130652,0.6450589878432099,0.1437218545698553,18.22075877631314,valid,数据/原始/外部数据/新增开放数据/DRUM_TPUU_低天花板/解包内容/Raw_Mechanical_Testing/TPUU-R_hysteresis.csv#row=4,ledger-055-meyersohn-2024-low-ceiling-tpuu-data;ledger-056-meyersohn-2024-low-ceiling-tpuu
tpuu-cyclic-endpoints-2026-08-30-v1,drum-low-ceiling:TPUU-R:MSM_3_130_1[1Cycle]:cyclic-tensile,source_drum_zf53w893,family_drum_low_ceiling_tpuu,TPUU-R,MSM_3_130_1[1Cycle],formulation_id_only,family_calibration_only,5,1271,50.00032,2.8653331,94.65221540616653,8.757486560565367,82.48513897397983,0.7726289759670375,0.6330052697514319,0.1396237062156056,18.071249015848757,valid,数据/原始/外部数据/新增开放数据/DRUM_TPUU_低天花板/解包内容/Raw_Mechanical_Testing/TPUU-R_hysteresis.csv#row=4,ledger-055-meyersohn-2024-low-ceiling-tpuu-data;ledger-056-meyersohn-2024-low-ceiling-tpuu
tpuu-cyclic-endpoints-2026-08-30-v1,drum-low-ceiling:TPUU-R:MSM_3_130_1[1Cycle]:cyclic-tensile,source_drum_zf53w893,family_drum_low_ceiling_tpuu,TPUU-R,MSM_3_130_1[1Cycle],formulation_id_only,family_calibration_only,6,1266,50.0,2.8243343,93.29787819176227,9.394197526910993,81.21160494617801,0.7673201330220896,0.6287332209714682,0.13858691205062135,18.061159363145723,valid,数据/原始/外部数据/新增开放数据/DRUM_TPUU_低天花板/解包内容/Raw_Mechanical_Testing/TPUU-R_hysteresis.csv#row=4,ledger-055-meyersohn-2024-low-ceiling-tpuu-data;ledger-056-meyersohn-2024-low-ceiling-tpuu
tpuu-cyclic-endpoints-2026-08-30-v1,drum-low-ceiling:TPUU-R:MSM_3_130_1[1Cycle]:cyclic-tensile,source_drum_zf53w893,family_drum_low_ceiling_tpuu,TPUU-R,MSM_3_130_1[1Cycle],formulation_id_only,family_calibration_only,7,1266,50.00032,2.8074101,92.73881124629018,9.50326425,80.9935931410039,0.7517799550885436,0.6188076512113048,0.1329723038772388,17.687662856291173,valid,数据/原始/外部数据/新增开放数据/DRUM_TPUU_低天花板/解包内容/Raw_Mechanical_Testing/TPUU-R_hysteresis.csv#row=4,ledger-055-meyersohn-2024-low-ceiling-tpuu-data;ledger-056-meyersohn-2024-low-ceiling-tpuu
tpuu-cyclic-endpoints-2026-08-30-v1,drum-low-ceiling:TPUU-R:MSM_3_130_1[1Cycle]:cyclic-tensile,source_drum_zf53w893,family_drum_low_ceiling_tpuu,TPUU-R,MSM_3_130_1[1Cycle],formulation_id_only,family_calibration_only,8,1261,49.99968,2.7973188,92.40545946204975,9.7205216193183,80.55883233789037,0.7391590906396985,0.6089000317629467,0.13025905887675182,17.622601213497937,valid,数据/原始/外部数据/新增开放数据/DRUM_TPUU_低天花板/解包内容/Raw_Mechanical_Testing/TPUU-R_hysteresis.csv#row=4,ledger-055-meyersohn-2024-low-ceiling-tpuu-data;ledger-056-meyersohn-2024-low-ceiling-tpuu
tpuu-cyclic-endpoints-2026-08-30-v1,drum-low-ceiling:TPUU-R:MSM_3_130_1[1Cycle]:cyclic-tensile,source_drum_zf53w893,family_drum_low_ceiling_tpuu,TPUU-R,MSM_3_130_1[1Cycle],formulation_id_only,family_calibration_only,9,1266,50.00032,2.76388945,91.3011682935681,9.642796517182592,80.71453039264031,0.7285741609652194,0.5988635379704149,0.12971062299480451,17.803352073722063,valid,数据/原始/外部数据/新增开放数据/DRUM_TPUU_低天花板/解包内容/Raw_Mechanical_Testing/TPUU-R_hysteresis.csv#row=4,ledger-055-meyersohn-2024-low-ceiling-tpuu-data;ledger-056-meyersohn-2024-low-ceiling-tpuu
tpuu-cyclic-endpoints-2026-08-30-v1,drum-low-ceiling:TPUU-R:MSM_3_130_1[1Cycle]:cyclic-tensile,source_drum_zf53w893,family_drum_low_ceiling_tpuu,TPUU-R,MSM_3_130_1[1Cycle],formulation_id_only,family_calibration_only,10,1266,50.00032,2.7344554,90.32885619453992,10.287533877800088,79.4250639239907,0.717979396061958,0.5912075475226249,0.1267718485393331,17.656752998019645,valid,数据/原始/外部数据/新增开放数据/DRUM_TPUU_低天花板/解包内容/Raw_Mechanical_Testing/TPUU-R_hysteresis.csv#row=4,ledger-055-meyersohn-2024-low-ceiling-tpuu-data;ledger-056-meyersohn-2024-low-ceiling-tpuu
tpuu-cyclic-endpoints-2026-08-30-v1,drum-low-ceiling:TPUU-R:MSM_3_130_1[1Cycle]:cyclic-tensile,source_drum_zf53w893,family_drum_low_ceiling_tpuu,TPUU-R,MSM_3_130_1[1Cycle],formulation_id_only,family_calibration_only,11,1266,50.0,2.7359270500000004,90.3774700652283,10.227279186366653,79.5454416272667,0.715354616764326,0.587702522848055,0.12765209391627097,17.844589372144366,valid,数据/原始/外部数据/新增开放数据/DRUM_TPUU_低天花板/解包内容/Raw_Mechanical_Testing/TPUU-R_hysteresis.csv#row=4,ledger-055-meyersohn-2024-low-ceiling-tpuu-data;ledger-056-meyersohn-2024-low-ceiling-tpuu
tpuu-cyclic-endpoints-2026-08-30-v1,drum-low-ceiling:TPUU-R:MSM_3_130_1[1Cycle]:cyclic-tensile,source_drum_zf53w893,family_drum_low_ceiling_tpuu,TPUU-R,MSM_3_130_1[1Cycle],formulation_id_only,family_calibration_only,12,1266,50.00032,2.7157428999999995,89.71071529469553,10.36292848761173,79.27427566941226,0.7111284991342246,0.5879436964100411,0.12318480272418353,17.32243931640441,valid,数据/原始/外部数据/新增开放数据/DRUM_TPUU_低天花板/解包内容/Raw_Mechanical_Testing/TPUU-R_hysteresis.csv#row=4,ledger-055-meyersohn-2024-low-ceiling-tpuu-data;ledger-056-meyersohn-2024-low-ceiling-tpuu
tpuu-cyclic-endpoints-2026-08-30-v1,drum-low-ceiling:TPUU-R:MSM_3_130_1[1Cycle]:cyclic-tensile,source_drum_zf53w893,family_drum_low_ceiling_tpuu,TPUU-R,MSM_3_130_1[1Cycle],formulation_id_only,family_calibration_only,13,1266,50.00032,2.71921185,89.82530713835702,10.343789999886084,79.31255239989247,0.7120643867064814,0.585772069713109,0.1262923169933724,17.73608108355391,valid,数据/原始/外部数据/新增开放数据/DRUM_TPUU_低天花板/解包内容/Raw_Mechanical_Testing/TPUU-R_hysteresis.csv#row=4,ledger-055-meyersohn-2024-low-ceiling-tpuu-data;ledger-056-meyersohn-2024-low-ceiling-tpuu
tpuu-cyclic-endpoints-2026-08-30-v1,drum-low-ceiling:TPUU-R:MSM_3_130_1[1Cycle]:cyclic-tensile,source_drum_zf53w893,family_drum_low_ceiling_tpuu,TPUU-R,MSM_3_130_1[1Cycle],formulation_id_only,family_calibration_only,14,1266,50.00064,2.7074382999999997,89.43638461109647,10.321636885868493,79.35699045878515,0.7081090092637105,0.5848778413921386,0.12323116787157185,17.402852704798548,valid,数据/原始/外部数据/新增开放数据/DRUM_TPUU_低天花板/解包内容/Raw_Mechanical_Testing/TPUU-R_hysteresis.csv#row=4,ledger-055-meyersohn-2024-low-ceiling-tpuu-data;ledger-056-meyersohn-2024-low-ceiling-tpuu
tpuu-cyclic-endpoints-2026-08-30-v1,drum-low-ceiling:TPUU-R:MSM_3_130_1[1Cycle]:cyclic-tensile,source_drum_zf53w893,family_drum_low_ceiling_tpuu,TPUU-R,MSM_3_130_1[1Cycle],formulation_id_only,family_calibration_only,15,1266,50.00032,2.6815782,88.5821328818211,10.456305340713477,79.08752315842483,0.7009394754776939,0.5771779107626023,0.12376156471509159,17.656526568252907,valid,数据/原始/外部数据/新增开放数据/DRUM_TPUU_低天花板/解包内容/Raw_Mechanical_Testing/TPUU-R_hysteresis.csv#row=4,ledger-055-meyersohn-2024-low-ceiling-tpuu-data;ledger-056-meyersohn-2024-low-ceiling-tpuu
tpuu-cyclic-endpoints-2026-08-30-v1,drum-low-ceiling:TPUU-R:MSM_3_130_1[1Cycle]:cyclic-tensile,source_drum_zf53w893,family_drum_low_ceiling_tpuu,TPUU-R,MSM_3_130_1[1Cycle],formulation_id_only,family_calibration_only,16,1266,50.00032,2.6842059,88.66893522477478,10.41738971230296,79.16535391712901,0.695302311828997,0.5744470132701627,0.12085529855883437,17.38169088506606,valid,数据/原始/外部数据/新增开放数据/DRUM_TPUU_低天花板/解包内容/Raw_Mechanical_Testing/TPUU-R_hysteresis.csv#row=4,ledger-055-meyersohn-2024-low-ceiling-tpuu-data;ledger-056-meyersohn-2024-low-ceiling-tpuu
tpuu-cyclic-endpoints-2026-08-30-v1,drum-low-ceiling:TPUU-R:MSM_3_130_1[1Cycle]:cyclic-tensile,source_drum_zf53w893,family_drum_low_ceiling_tpuu,TPUU-R,MSM_3_130_1[1Cycle],formulation_id_only,family_calibration_only,17,1266,50.00032,2.6800009499999997,88.53003066489231,11.00670600429339,77.98672887634841,0.6913813921988201,0.5702528416656062,0.12112855053321392,17.5197874718591,valid,数据/原始/外部数据/新增开放数据/DRUM_TPUU_低天花板/解包内容/Raw_Mechanical_Testing/TPUU-R_hysteresis.csv#row=4,ledger-055-meyersohn-2024-low-ceiling-tpuu-data;ledger-056-meyersohn-2024-low-ceiling-tpuu
tpuu-cyclic-endpoints-2026-08-30-v1,drum-low-ceiling:TPUU-R:MSM_3_130_1[1Cycle]:cyclic-tensile,source_drum_zf53w893,family_drum_low_ceiling_tpuu,TPUU-R,MSM_3_130_1[1Cycle],formulation_id_only,family_calibration_only,18,1266,50.0,2.6793706999999998,88.50921124994898,11.050488461538462,77.89902307692307,0.6876426603135524,0.5669927882229397,0.12064987209061262,17.545431523343606,valid,数据/原始/外部数据/新增开放数据/DRUM_TPUU_低天花板/解包内容/Raw_Mechanical_Testing/TPUU-R_hysteresis.csv#row=4,ledger-055-meyersohn-2024-low-ceiling-tpuu-data;ledger-056-meyersohn-2024-low-ceiling-tpuu
tpuu-cyclic-endpoints-2026-08-30-v1,drum-low-ceiling:TPUU-R:MSM_3_130_1[1Cycle]:cyclic-tensile,source_drum_zf53w893,family_drum_low_ceiling_tpuu,TPUU-R,MSM_3_130_1[1Cycle],formulation_id_only,family_calibration_only,19,1266,50.0,2.6401596499999997,87.21392982144702,10.921255120123604,78.15748975975279,0.6829809673687252,0.5627064427557783,0.12027452461294685,17.61023079110395,valid,数据/原始/外部数据/新增开放数据/DRUM_TPUU_低天花板/解包内容/Raw_Mechanical_Testing/TPUU-R_hysteresis.csv#row=4,ledger-055-meyersohn-2024-low-ceiling-tpuu-data;ledger-056-meyersohn-2024-low-ceiling-tpuu
tpuu-cyclic-endpoints-2026-08-30-v1,drum-low-ceiling:TPUU-R:MSM_3_130_1[1Cycle]:cyclic-tensile,source_drum_zf53w893,family_drum_low_ceiling_tpuu,TPUU-R,MSM_3_130_1[1Cycle],formulation_id_only,family_calibration_only,20,1261,49.99935,2.66086925,87.89804208754815,11.186633465539538,77.6264422126697,0.6861397158169158,0.5674637683017725,0.11867594751514332,17.29617813681695,valid,数据/原始/外部数据/新增开放数据/DRUM_TPUU_低天花板/解包内容/Raw_Mechanical_Testing/TPUU-R_hysteresis.csv#row=4,ledger-055-meyersohn-2024-low-ceiling-tpuu-data;ledger-056-meyersohn-2024-low-ceiling-tpuu
tpuu-cyclic-endpoints-2026-08-30-v1,drum-low-ceiling:TPUU-S:MSM_3_114[1Cycle]:cyclic-tensile,source_drum_zf53w893,family_drum_low_ceiling_tpuu,TPUU-S,MSM_3_114[1Cycle],formulation_id_only,family_calibration_only,1,1208,50.0,0.6230908949999999,100.0,17.75477206298474,64.49045587403052,0.20163346971778587,0.08959018983915479,0.11204327987863108,55.56779835979179,valid,数据/原始/外部数据/新增开放数据/DRUM_TPUU_低天花板/解包内容/Raw_Mechanical_Testing/TPUU-S_hysteresis.csv#row=4,ledger-055-meyersohn-2024-low-ceiling-tpuu-data;ledger-056-meyersohn-2024-low-ceiling-tpuu
tpuu-cyclic-endpoints-2026-08-30-v1,drum-low-ceiling:TPUU-S:MSM_3_114[1Cycle]:cyclic-tensile,source_drum_zf53w893,family_drum_low_ceiling_tpuu,TPUU-S,MSM_3_114[1Cycle],formulation_id_only,family_calibration_only,2,1231,50.00034,0.54740236,87.85272973696719,21.652161627848745,56.69597121169827,0.14238649854659774,0.07606478378394357,0.06632171476265417,46.57865418394959,valid,数据/原始/外部数据/新增开放数据/DRUM_TPUU_低天花板/解包内容/Raw_Mechanical_Testing/TPUU-S_hysteresis.csv#row=4,ledger-055-meyersohn-2024-low-ceiling-tpuu-data;ledger-056-meyersohn-2024-low-ceiling-tpuu
tpuu-cyclic-endpoints-2026-08-30-v1,drum-low-ceiling:TPUU-S:MSM_3_114[1Cycle]:cyclic-tensile,source_drum_zf53w893,family_drum_low_ceiling_tpuu,TPUU-S,MSM_3_114[1Cycle],formulation_id_only,family_calibration_only,3,1231,50.00034,0.52553489,84.3432144839799,23.1357933967121,53.72872785122642,0.1274430753108745,0.07225729068058084,0.055185784630293666,43.30230143589822,valid,数据/原始/外部数据/新增开放数据/DRUM_TPUU_低天花板/解包内容/Raw_Mechanical_Testing/TPUU-S_hysteresis.csv#row=4,ledger-055-meyersohn-2024-low-ceiling-tpuu-data;ledger-056-meyersohn-2024-low-ceiling-tpuu
tpuu-cyclic-endpoints-2026-08-30-v1,drum-low-ceiling:TPUU-S:MSM_3_114[1Cycle]:cyclic-tensile,source_drum_zf53w893,family_drum_low_ceiling_tpuu,TPUU-S,MSM_3_114[1Cycle],formulation_id_only,family_calibration_only,4,1231,50.00034,0.497062455,79.77366689012524,24.83014000190922,50.34005768378931,0.11458669409659356,0.0639868267172348,0.05059986737935876,44.15858907379282,valid,数据/原始/外部数据/新增开放数据/DRUM_TPUU_低天花板/解包内容/Raw_Mechanical_Testing/TPUU-S_hysteresis.csv#row=4,ledger-055-meyersohn-2024-low-ceiling-tpuu-data;ledger-056-meyersohn-2024-low-ceiling-tpuu
tpuu-cyclic-endpoints-2026-08-30-v1,drum-low-ceiling:TPUU-S:MSM_3_114[1Cycle]:cyclic-tensile,source_drum_zf53w893,family_drum_low_ceiling_tpuu,TPUU-S,MSM_3_114[1Cycle],formulation_id_only,family_calibration_only,5,1231,50.00034,0.48572704,77.95444354872174,26.545158572223706,46.910043867254295,0.10388066855132069,0.05625652861297416,0.047624139938346535,45.845045668741086,valid,数据/原始/外部数据/新增开放数据/DRUM_TPUU_低天花板/解包内容/Raw_Mechanical_Testing/TPUU-S_hysteresis.csv#row=4,ledger-055-meyersohn-2024-low-ceiling-tpuu-data;ledger-056-meyersohn-2024-low-ceiling-tpuu
tpuu-cyclic-endpoints-2026-08-30-v1,drum-low-ceiling:TPUU-S:MSM_3_114[1Cycle]:cyclic-tensile,source_drum_zf53w893,family_drum_low_ceiling_tpuu,TPUU-S,MSM_3_114[1Cycle],formulation_id_only,family_calibration_only,6,1231,50.00034,0.466537145,74.87465291881693,27.575277861159314,44.849819298910134,0.10117159564198058,0.056416233466315864,0.04475536217566472,44.23708244559279,valid,数据/原始/外部数据/新增开放数据/DRUM_TPUU_低天花板/解包内容/Raw_Mechanical_Testing/TPUU-S_hysteresis.csv#row=4,ledger-055-meyersohn-2024-low-ceiling-tpuu-data;ledger-056-meyersohn-2024-low-ceiling-tpuu
tpuu-cyclic-endpoints-2026-08-30-v1,drum-low-ceiling:TPUU-S:MSM_3_114[1Cycle]:cyclic-tensile,source_drum_zf53w893,family_drum_low_ceiling_tpuu,TPUU-S,MSM_3_114[1Cycle],formulation_id_only,family_calibration_only,7,1231,50.00034,0.4606462800000001,73.92922664998983,27.429226341322618,45.14192035229637,0.09590859637795428,0.054090607564272,0.041817988813682275,43.60191932002316,valid,数据/原始/外部数据/新增开放数据/DRUM_TPUU_低天花板/解包内容/Raw_Mechanical_Testing/TPUU-S_hysteresis.csv#row=4,ledger-055-meyersohn-2024-low-ceiling-tpuu-data;ledger-056-meyersohn-2024-low-ceiling-tpuu
tpuu-cyclic-endpoints-2026-08-30-v1,drum-low-ceiling:TPUU-S:MSM_3_114[1Cycle]:cyclic-tensile,source_drum_zf53w893,family_drum_low_ceiling_tpuu,TPUU-S,MSM_3_114[1Cycle],formulation_id_only,family_calibration_only,8,1231,50.0,0.451631555,72.48245137653633,28.165183405380482,43.669633189239036,0.09232807817987118,0.052660305269760996,0.039667772910110186,42.963932199293104,valid,数据/原始/外部数据/新增开放数据/DRUM_TPUU_低天花板/解包内容/Raw_Mechanical_Testing/TPUU-S_hysteresis.csv#row=4,ledger-055-meyersohn-2024-low-ceiling-tpuu-data;ledger-056-meyersohn-2024-low-ceiling-tpuu
tpuu-cyclic-endpoints-2026-08-30-v1,drum-low-ceiling:TPUU-S:MSM_3_114[1Cycle]:cyclic-tensile,source_drum_zf53w893,family_drum_low_ceiling_tpuu,TPUU-S,MSM_3_114[1Cycle],formulation_id_only,family_calibration_only,9,1231,50.00034,0.444223365,71.29350927203005,29.171850080319338,41.656696573824625,0.08470934392506738,0.04519070318831316,0.039518640736754214,46.65204439750096,valid,数据/原始/外部数据/新增开放数据/DRUM_TPUU_低天花板/解包内容/Raw_Mechanical_Testing/TPUU-S_hysteresis.csv#row=4,ledger-055-meyersohn-2024-low-ceiling-tpuu-data;ledger-056-meyersohn-2024-low-ceiling-tpuu
tpuu-cyclic-endpoints-2026-08-30-v1,drum-low-ceiling:TPUU-S:MSM_3_114[1Cycle]:cyclic-tensile,source_drum_zf53w893,family_drum_low_ceiling_tpuu,TPUU-S,MSM_3_114[1Cycle],formulation_id_only,family_calibration_only,10,1231,50.00034,0.433958935,69.64616855779927,29.160334386723406,41.679727804404116,0.07942506805558475,0.042496557997180356,0.03692851005840439,46.494779245968516,valid,数据/原始/外部数据/新增开放数据/DRUM_TPUU_低天花板/解包内容/Raw_Mechanical_Testing/TPUU-S_hysteresis.csv#row=4,ledger-055-meyersohn-2024-low-ceiling-tpuu-data;ledger-056-meyersohn-2024-low-ceiling-tpuu
tpuu-cyclic-endpoints-2026-08-30-v1,drum-low-ceiling:TPUU-S:MSM_3_114[1Cycle]:cyclic-tensile,source_drum_zf53w893,family_drum_low_ceiling_tpuu,TPUU-S,MSM_3_114[1Cycle],formulation_id_only,family_calibration_only,11,1231,50.0,0.43137058,69.23076287288713,29.907485199858563,40.185029600282874,0.07862194799468841,0.04319129493374815,0.03543065306094026,45.064583064431204,valid,数据/原始/外部数据/新增开放数据/DRUM_TPUU_低天花板/解包内容/Raw_Mechanical_Testing/TPUU-S_hysteresis.csv#row=4,ledger-055-meyersohn-2024-low-ceiling-tpuu-data;ledger-056-meyersohn-2024-low-ceiling-tpuu
tpuu-cyclic-endpoints-2026-08-30-v1,drum-low-ceiling:TPUU-S:MSM_3_114[1Cycle]:cyclic-tensile,source_drum_zf53w893,family_drum_low_ceiling_tpuu,TPUU-S,MSM_3_114[1Cycle],formulation_id_only,family_calibration_only,12,1231,50.00034,0.41066336000000003,65.90745640730316,30.641396246689244,38.71762422677677,0.07584187934957821,0.04035351015208609,0.035488369197492126,46.79257621493723,valid,数据/原始/外部数据/新增开放数据/DRUM_TPUU_低天花板/解包内容/Raw_Mechanical_Testing/TPUU-S_hysteresis.csv#row=4,ledger-055-meyersohn-2024-low-ceiling-tpuu-data;ledger-056-meyersohn-2024-low-ceiling-tpuu
tpuu-cyclic-endpoints-2026-08-30-v1,drum-low-ceiling:TPUU-S:MSM_3_114[1Cycle]:cyclic-tensile,source_drum_zf53w893,family_drum_low_ceiling_tpuu,TPUU-S,MSM_3_114[1Cycle],formulation_id_only,family_calibration_only,13,1231,50.00034,0.42431936000000003,68.0991109651827,31.703540978289823,36.59334920864573,0.07900557983746907,0.04470434962399578,0.03430123021347329,43.41621222708328,valid,数据/原始/外部数据/新增开放数据/DRUM_TPUU_低天花板/解包内容/Raw_Mechanical_Testing/TPUU-S_hysteresis.csv#row=4,ledger-055-meyersohn-2024-low-ceiling-tpuu-data;ledger-056-meyersohn-2024-low-ceiling-tpuu
tpuu-cyclic-endpoints-2026-08-30-v1,drum-low-ceiling:TPUU-S:MSM_3_114[1Cycle]:cyclic-tensile,source_drum_zf53w893,family_drum_low_ceiling_tpuu,TPUU-S,MSM_3_114[1Cycle],formulation_id_only,family_calibration_only,14,1231,50.00034,0.42681853000000003,68.50020332908252,31.61577,36.7688899715482,0.08280125918139333,0.04787242393943461,0.03492883524195872,42.18394211305394,valid,数据/原始/外部数据/新增开放数据/DRUM_TPUU_低天花板/解包内容/Raw_Mechanical_Testing/TPUU-S_hysteresis.csv#row=4,ledger-055-meyersohn-2024-low-ceiling-tpuu-data;ledger-056-meyersohn-2024-low-ceiling-tpuu
tpuu-cyclic-endpoints-2026-08-30-v1,drum-low-ceiling:TPUU-S:MSM_3_114[1Cycle]:cyclic-tensile,source_drum_zf53w893,family_drum_low_ceiling_tpuu,TPUU-S,MSM_3_114[1Cycle],formulation_id_only,family_calibration_only,15,1231,50.00034,0.41557237499999994,66.69530534545846,31.013028633473084,37.974364507375185,0.07816410935369637,0.045300768079114914,0.03286334127458146,42.044029601710484,valid,数据/原始/外部数据/新增开放数据/DRUM_TPUU_低天花板/解包内容/Raw_Mechanical_Testing/TPUU-S_hysteresis.csv#row=4,ledger-055-meyersohn-2024-low-ceiling-tpuu-data;ledger-056-meyersohn-2024-low-ceiling-tpuu
tpuu-cyclic-endpoints-2026-08-30-v1,drum-low-ceiling:TPUU-S:MSM_3_114[1Cycle]:cyclic-tensile,source_drum_zf53w893,family_drum_low_ceiling_tpuu,TPUU-S,MSM_3_114[1Cycle],formulation_id_only,family_calibration_only,16,1231,50.0,0.40057754,64.28878085275184,31.481944320641016,37.03611135871797,0.06935292969591304,0.03808877292363253,0.03126415677228051,45.07979246062463,valid,数据/原始/外部数据/新增开放数据/DRUM_TPUU_低天花板/解包内容/Raw_Mechanical_Testing/TPUU-S_hysteresis.csv#row=4,ledger-055-meyersohn-2024-low-ceiling-tpuu-data;ledger-056-meyersohn-2024-low-ceiling-tpuu
tpuu-cyclic-endpoints-2026-08-30-v1,drum-low-ceiling:TPUU-S:MSM_3_114[1Cycle]:cyclic-tensile,source_drum_zf53w893,family_drum_low_ceiling_tpuu,TPUU-S,MSM_3_114[1Cycle],formulation_id_only,family_calibration_only,17,1231,50.00034,0.398435435,63.944993932225586,32.55013009661404,34.90018248553102,0.07247806755885634,0.03966614959089436,0.032811917967961984,45.271513263397686,valid,数据/原始/外部数据/新增开放数据/DRUM_TPUU_低天花板/解包内容/Raw_Mechanical_Testing/TPUU-S_hysteresis.csv#row=4,ledger-055-meyersohn-2024-low-ceiling-tpuu-data;ledger-056-meyersohn-2024-low-ceiling-tpuu
tpuu-cyclic-endpoints-2026-08-30-v1,drum-low-ceiling:TPUU-S:MSM_3_114[1Cycle]:cyclic-tensile,source_drum_zf53w893,family_drum_low_ceiling_tpuu,TPUU-S,MSM_3_114[1Cycle],formulation_id_only,family_calibration_only,18,1231,50.00034,0.463145425,74.33031500163392,31.660401017977104,36.679628542571706,0.06797115387342771,0.03687702928964654,0.03109412458378117,45.746059632418486,valid,数据/原始/外部数据/新增开放数据/DRUM_TPUU_低天花板/解包内容/Raw_Mechanical_Testing/TPUU-S_hysteresis.csv#row=4,ledger-055-meyersohn-2024-low-ceiling-tpuu-data;ledger-056-meyersohn-2024-low-ceiling-tpuu
tpuu-cyclic-endpoints-2026-08-30-v1,drum-low-ceiling:TPUU-S:MSM_3_114[1Cycle]:cyclic-tensile,source_drum_zf53w893,family_drum_low_ceiling_tpuu,TPUU-S,MSM_3_114[1Cycle],formulation_id_only,family_calibration_only,19,1231,50.00034,0.38022738500000003,61.02277983054143,33.14425819221277,33.71193437442072,0.06512212800700166,0.03477236690761758,0.030349761099384087,46.604375545161865,valid,数据/原始/外部数据/新增开放数据/DRUM_TPUU_低天花板/解包内容/Raw_Mechanical_Testing/TPUU-S_hysteresis.csv#row=4,ledger-055-meyersohn-2024-low-ceiling-tpuu-data;ledger-056-meyersohn-2024-low-ceiling-tpuu
tpuu-cyclic-endpoints-2026-08-30-v1,drum-low-ceiling:TPUU-S:MSM_3_114[1Cycle]:cyclic-tensile,source_drum_zf53w893,family_drum_low_ceiling_tpuu,TPUU-S,MSM_3_114[1Cycle],formulation_id_only,family_calibration_only,20,1231,50.00034,0.3840653,61.63872768514777,33.201444525689894,33.59756248519531,0.06486494623221095,0.0349768583806873,0.02988808785152365,46.07741097098401,valid,数据/原始/外部数据/新增开放数据/DRUM_TPUU_低天花板/解包内容/Raw_Mechanical_Testing/TPUU-S_hysteresis.csv#row=4,ledger-055-meyersohn-2024-low-ceiling-tpuu-data;ledger-056-meyersohn-2024-low-ceiling-tpuu
