release_id,source_directory,target_family,priority_score,priority_class,audit_status,already_in_directed_target,machine_readable_file_count,archive_file_count,formulation_signal,raw_curve_signal,next_action,evidence_excerpt
tpu-local-source-audit-2026-08-30-v1,ACS_Figshare_双相演化聚氨酯,cyclic_recovery,21,high,materialized_all_detected_targets,True,5,0,True,True,已接入；仅在新增独立数据或改进映射时更新,曲线审计清单.tsv
tpu-local-source-audit-2026-08-30-v1,ACS_Figshare_双相演化聚氨酯,thermal_stability,21,high,materialized_all_detected_targets,True,5,0,True,True,已接入；仅在新增独立数据或改进映射时更新,曲线审计清单.tsv
tpu-local-source-audit-2026-08-30-v1,ACS_Figshare_双相演化聚氨酯,toughness,21,high,materialized_all_detected_targets,True,5,0,True,True,已接入；仅在新增独立数据或改进映射时更新,曲线审计清单.tsv
tpu-local-source-audit-2026-08-30-v1,DRUM_TPUU_低天花板,cyclic_recovery,21,high,materialized_all_detected_targets,True,353,10,True,True,已接入；仅在新增独立数据或改进映射时更新,曲线审计清单.tsv | 解包内容/Chemdraws/Figure 2- Synthesis of end-blocked PMVL with phenyl isocyanate.cdxml | 解包内容/Chemdraws/Figure 2- Synthesis of end-blocked PMVL with phenyl isocyanate.png | 解包内容/Chemdraws/Scheme 1 PMVL Synthesis.cdxml | 解包内容/Chemdraws/Scheme 1 PMVL Synthesis.png | 解包内容/Chemdraws/Scheme 3- Synthesis of TPUUs.cdxml | 解包内容/Chemdraws/Scheme 3- Synthesis of TPUUs.png | 解包内容/Raw_DSC/PMVL_PCL_f_0.25_DSC.xls | 解包内容/Raw_DSC/PMVL_PCL_f_0.4_DSC.xls | 解包内容/Raw_DSC/PMVL_PCL_f_0.5_DSC.xls | 解包内容/Raw_DSC/PMVL_PCL_f_0.6_DSC.xls | 解包内容/Raw_DSC/PMVL_PCL_f_0.75_DSC.xls
tpu-local-source-audit-2026-08-30-v1,DRUM_TPUU_低天花板,thermal_stability,21,high,materialized_all_detected_targets,True,353,10,True,True,已接入；仅在新增独立数据或改进映射时更新,曲线审计清单.tsv | 解包内容/Chemdraws/Figure 2- Synthesis of end-blocked PMVL with phenyl isocyanate.cdxml | 解包内容/Chemdraws/Figure 2- Synthesis of end-blocked PMVL with phenyl isocyanate.png | 解包内容/Chemdraws/Scheme 1 PMVL Synthesis.cdxml | 解包内容/Chemdraws/Scheme 1 PMVL Synthesis.png | 解包内容/Chemdraws/Scheme 3- Synthesis of TPUUs.cdxml | 解包内容/Chemdraws/Scheme 3- Synthesis of TPUUs.png | 解包内容/Raw_DSC/PMVL_PCL_f_0.25_DSC.xls | 解包内容/Raw_DSC/PMVL_PCL_f_0.4_DSC.xls | 解包内容/Raw_DSC/PMVL_PCL_f_0.5_DSC.xls | 解包内容/Raw_DSC/PMVL_PCL_f_0.6_DSC.xls | 解包内容/Raw_DSC/PMVL_PCL_f_0.75_DSC.xls
tpu-local-source-audit-2026-08-30-v1,DRUM_TPUU_低天花板,toughness,21,high,materialized_all_detected_targets,True,353,10,True,True,已接入；仅在新增独立数据或改进映射时更新,曲线审计清单.tsv | 解包内容/Chemdraws/Figure 2- Synthesis of end-blocked PMVL with phenyl isocyanate.cdxml | 解包内容/Chemdraws/Figure 2- Synthesis of end-blocked PMVL with phenyl isocyanate.png | 解包内容/Chemdraws/Scheme 1 PMVL Synthesis.cdxml | 解包内容/Chemdraws/Scheme 1 PMVL Synthesis.png | 解包内容/Chemdraws/Scheme 3- Synthesis of TPUUs.cdxml | 解包内容/Chemdraws/Scheme 3- Synthesis of TPUUs.png | 解包内容/Raw_DSC/PMVL_PCL_f_0.25_DSC.xls | 解包内容/Raw_DSC/PMVL_PCL_f_0.4_DSC.xls | 解包内容/Raw_DSC/PMVL_PCL_f_0.5_DSC.xls | 解包内容/Raw_DSC/PMVL_PCL_f_0.6_DSC.xls | 解包内容/Raw_DSC/PMVL_PCL_f_0.75_DSC.xls
tpu-local-source-audit-2026-08-30-v1,DRUM_TPUU_机械回收,cyclic_recovery,21,high,materialized_all_detected_targets,True,57,5,True,True,已接入；仅在新增独立数据或改进映射时更新,RAW_Polyol_characterization.zip | 曲线审计清单.tsv | 解包内容/RAW_Chemical_recycling/Catalyst_Screening_TGA.xlsx | 解包内容/RAW_Chemical_recycling/Recycled_monomers_MS.xlsx | 解包内容/RAW_Chemical_recycling/Repolymerized_TPUUs_hysteresis.xlsx | 解包内容/RAW_Chemical_recycling/Repolymerized_TPUUs_tensile.xlsx | 解包内容/RAW_Chemical_recycling/Synthesized_versus_recycled_monomer_GC.xlsx | 解包内容/RAW_Chemical_recycling/Synthesized_versus_recycled_monomer_NMR.xlsx | 解包内容/RAW_Polyol_characterization/Polyol_DSC.xlsx | 解包内容/RAW_Polyol_characterization/Polyol_NMR.xlsx | 解包内容/RAW_Polyol_characterization/Polyol_SEC.xlsx | 解包内容/RAW_Polyol_characterization/Polyol_TGA.xlsx
tpu-local-source-audit-2026-08-30-v1,DRUM_TPUU_机械回收,thermal_stability,21,high,materialized_all_detected_targets,True,57,5,True,True,已接入；仅在新增独立数据或改进映射时更新,RAW_Polyol_characterization.zip | 曲线审计清单.tsv | 解包内容/RAW_Chemical_recycling/Catalyst_Screening_TGA.xlsx | 解包内容/RAW_Chemical_recycling/Recycled_monomers_MS.xlsx | 解包内容/RAW_Chemical_recycling/Repolymerized_TPUUs_hysteresis.xlsx | 解包内容/RAW_Chemical_recycling/Repolymerized_TPUUs_tensile.xlsx | 解包内容/RAW_Chemical_recycling/Synthesized_versus_recycled_monomer_GC.xlsx | 解包内容/RAW_Chemical_recycling/Synthesized_versus_recycled_monomer_NMR.xlsx | 解包内容/RAW_Polyol_characterization/Polyol_DSC.xlsx | 解包内容/RAW_Polyol_characterization/Polyol_NMR.xlsx | 解包内容/RAW_Polyol_characterization/Polyol_SEC.xlsx | 解包内容/RAW_Polyol_characterization/Polyol_TGA.xlsx
tpu-local-source-audit-2026-08-30-v1,DRUM_TPUU_机械回收,toughness,21,high,materialized_all_detected_targets,True,57,5,True,True,已接入；仅在新增独立数据或改进映射时更新,RAW_Polyol_characterization.zip | 曲线审计清单.tsv | 解包内容/RAW_Chemical_recycling/Catalyst_Screening_TGA.xlsx | 解包内容/RAW_Chemical_recycling/Recycled_monomers_MS.xlsx | 解包内容/RAW_Chemical_recycling/Repolymerized_TPUUs_hysteresis.xlsx | 解包内容/RAW_Chemical_recycling/Repolymerized_TPUUs_tensile.xlsx | 解包内容/RAW_Chemical_recycling/Synthesized_versus_recycled_monomer_GC.xlsx | 解包内容/RAW_Chemical_recycling/Synthesized_versus_recycled_monomer_NMR.xlsx | 解包内容/RAW_Polyol_characterization/Polyol_DSC.xlsx | 解包内容/RAW_Polyol_characterization/Polyol_NMR.xlsx | 解包内容/RAW_Polyol_characterization/Polyol_SEC.xlsx | 解包内容/RAW_Polyol_characterization/Polyol_TGA.xlsx
tpu-local-source-audit-2026-08-30-v1,DataInBrief_聚氨酯形状记忆多模态原始数据,cyclic_recovery,21,high,materialized_all_detected_targets,True,13,0,True,True,已接入；仅在新增独立数据或改进映射时更新,DataInBrief_聚氨酯形状记忆多模态原始数据 | 曲线审计清单.tsv | 配方审计清单.tsv | source_directory	path	role	bytes	sha256	integrity	parser_state	license	training_split_materialized	training_weight_materialized | source_directory	record_id	source_file	source_location	formulation_id	material_scope	modality	test_type	point_count	usable_point_count	contamination_point_count	quality_status	axis_fields	unit_status	sample_mapping_status	instance_key	split | source_directory	record_id	source_file	source_location	formulation_id	task_role	material_state	result_names	direct_numeric_result_count	right_censored_result_count	raw_censored_value	unit_status	decision	future_weight_ceiling	split_group	tr | source_directory	formulation_id	material_family	component_1	component_1_fraction	component_2	component_2_fraction	component_3	component_3_fraction	fraction_basis	identity_mapping_status	evidence	split_group	future_weight_ceiling	training_sp
tpu-local-source-audit-2026-08-30-v1,DataInBrief_聚氨酯形状记忆多模态原始数据,thermal_stability,21,high,materialized_all_detected_targets,True,13,0,True,True,已接入；仅在新增独立数据或改进映射时更新,DataInBrief_聚氨酯形状记忆多模态原始数据 | 曲线审计清单.tsv | 配方审计清单.tsv | source_directory	path	role	bytes	sha256	integrity	parser_state	license	training_split_materialized	training_weight_materialized | source_directory	record_id	source_file	source_location	formulation_id	material_scope	modality	test_type	point_count	usable_point_count	contamination_point_count	quality_status	axis_fields	unit_status	sample_mapping_status	instance_key	split | source_directory	record_id	source_file	source_location	formulation_id	task_role	material_state	result_names	direct_numeric_result_count	right_censored_result_count	raw_censored_value	unit_status	decision	future_weight_ceiling	split_group	tr | source_directory	formulation_id	material_family	component_1	component_1_fraction	component_2	component_2_fraction	component_3	component_3_fraction	fraction_basis	identity_mapping_status	evidence	split_group	future_weight_ceiling	training_sp
tpu-local-source-audit-2026-08-30-v1,DataInBrief_聚氨酯形状记忆多模态原始数据,toughness,21,high,materialized_all_detected_targets,True,13,0,True,True,已接入；仅在新增独立数据或改进映射时更新,DataInBrief_聚氨酯形状记忆多模态原始数据 | 曲线审计清单.tsv | 配方审计清单.tsv | source_directory	path	role	bytes	sha256	integrity	parser_state	license	training_split_materialized	training_weight_materialized | source_directory	record_id	source_file	source_location	formulation_id	material_scope	modality	test_type	point_count	usable_point_count	contamination_point_count	quality_status	axis_fields	unit_status	sample_mapping_status	instance_key	split | source_directory	record_id	source_file	source_location	formulation_id	task_role	material_state	result_names	direct_numeric_result_count	right_censored_result_count	raw_censored_value	unit_status	decision	future_weight_ceiling	split_group	tr | source_directory	formulation_id	material_family	component_1	component_1_fraction	component_2	component_2_fraction	component_3	component_3_fraction	fraction_basis	identity_mapping_status	evidence	split_group	future_weight_ceiling	training_sp
tpu-local-source-audit-2026-08-30-v1,QUB_生物基三重自修复TPU,cyclic_recovery,21,high,materialized_all_detected_targets,True,22,1,True,True,已接入；仅在新增独立数据或改进映射时更新,"相对路径	角色	字节数	SHA256	编码	行数	最大列数	有限数值单元格	完整XY点行	半对XY行	曲线实例	只读	CRC	分级	模型资格	ZIP成员SHA256	ZIP解包匹配	备注 | Machine Name,TA Discovery DSC25 ,,P35,,,P40,,,P45,"
tpu-local-source-audit-2026-08-30-v1,QUB_生物基三重自修复TPU,thermal_stability,21,high,materialized_all_detected_targets,True,22,1,True,True,已接入；仅在新增独立数据或改进映射时更新,"相对路径	角色	字节数	SHA256	编码	行数	最大列数	有限数值单元格	完整XY点行	半对XY行	曲线实例	只读	CRC	分级	模型资格	ZIP成员SHA256	ZIP解包匹配	备注 | Machine Name,TA Discovery DSC25 ,,P35,,,P40,,,P45,"
tpu-local-source-audit-2026-08-30-v1,QUB_生物基三重自修复TPU,toughness,21,high,materialized_all_detected_targets,True,22,1,True,True,已接入；仅在新增独立数据或改进映射时更新,"相对路径	角色	字节数	SHA256	编码	行数	最大列数	有限数值单元格	完整XY点行	半对XY行	曲线实例	只读	CRC	分级	模型资格	ZIP成员SHA256	ZIP解包匹配	备注 | Machine Name,TA Discovery DSC25 ,,P35,,,P40,,,P45,"
tpu-local-source-audit-2026-08-30-v1,Zenodo_标准化弹性体表征,cyclic_recovery,21,high,materialized_all_detected_targets,True,5,7,True,True,已接入；仅在新增独立数据或改进映射时更新,Stress relaxation.zip | Thermal degradation.zip | 曲线审计清单.tsv | Melting/DSC/ | Melting/DSC/Filaflex 60A.csv | Melting/DSC/NinjaFlex 90A.csv | Stress relaxation/ | Stress relaxation/Cheetah-relaxation.csv | Stress relaxation/Dragon Skin 20-relaxation.csv | Stress relaxation/Dragon Skin 30-relaxation.csv | Stress relaxation/Ecoflex 00-20-relaxation.csv | Stress relaxation/Ecoflex 00-30-relaxation.csv
tpu-local-source-audit-2026-08-30-v1,Zenodo_标准化弹性体表征,thermal_stability,21,high,materialized_all_detected_targets,True,5,7,True,True,已接入；仅在新增独立数据或改进映射时更新,Stress relaxation.zip | Thermal degradation.zip | 曲线审计清单.tsv | Melting/DSC/ | Melting/DSC/Filaflex 60A.csv | Melting/DSC/NinjaFlex 90A.csv | Stress relaxation/ | Stress relaxation/Cheetah-relaxation.csv | Stress relaxation/Dragon Skin 20-relaxation.csv | Stress relaxation/Dragon Skin 30-relaxation.csv | Stress relaxation/Ecoflex 00-20-relaxation.csv | Stress relaxation/Ecoflex 00-30-relaxation.csv
tpu-local-source-audit-2026-08-30-v1,Zenodo_标准化弹性体表征,toughness,21,high,materialized_all_detected_targets,True,5,7,True,True,已接入；仅在新增独立数据或改进映射时更新,Stress relaxation.zip | Thermal degradation.zip | 曲线审计清单.tsv | Melting/DSC/ | Melting/DSC/Filaflex 60A.csv | Melting/DSC/NinjaFlex 90A.csv | Stress relaxation/ | Stress relaxation/Cheetah-relaxation.csv | Stress relaxation/Dragon Skin 20-relaxation.csv | Stress relaxation/Dragon Skin 30-relaxation.csv | Stress relaxation/Ecoflex 00-20-relaxation.csv | Stress relaxation/Ecoflex 00-30-relaxation.csv
tpu-local-source-audit-2026-08-30-v1,Zenodo_生物基共轭氨基甲酸酯玻璃体,cyclic_recovery,21,high,materialized_all_detected_targets,True,41,2,True,True,已接入；仅在新增独立数据或改进映射时更新,曲线审计清单.tsv | 解压内容/001_Data_Raw/DSC_Raw_original-P1T+P1T-recycled.csv | 解压内容/001_Data_Raw/DSC_Raw_original-X1T+X1T-recycled.csv | 解压内容/001_Data_Raw/Tensile-test_Raw_original-P1T-recycled.csv | 解压内容/001_Data_Raw/Tensile-test_Raw_original-P1T.csv | 解压内容/001_Data_Raw/Tensile-test_Raw_original-X1T-recycled.csv | 解压内容/001_Data_Raw/Tensile-test_Raw_original-X1T.csv | 解压内容/001_Data_Raw/TGA_Raw_original-P1T-recycled.csv | 解压内容/001_Data_Raw/TGA_Raw_original-P1T.csv | 解压内容/001_Data_Raw/TGA_Raw_original-X1T-recycled.csv | 解压内容/001_Data_Raw/TGA_Raw_original-X1T.csv | 001_Data_Raw/DSC_Raw_original-P1T+P1T-recycled.csv
tpu-local-source-audit-2026-08-30-v1,Zenodo_生物基共轭氨基甲酸酯玻璃体,thermal_stability,21,high,materialized_all_detected_targets,True,41,2,True,True,已接入；仅在新增独立数据或改进映射时更新,曲线审计清单.tsv | 解压内容/001_Data_Raw/DSC_Raw_original-P1T+P1T-recycled.csv | 解压内容/001_Data_Raw/DSC_Raw_original-X1T+X1T-recycled.csv | 解压内容/001_Data_Raw/Tensile-test_Raw_original-P1T-recycled.csv | 解压内容/001_Data_Raw/Tensile-test_Raw_original-P1T.csv | 解压内容/001_Data_Raw/Tensile-test_Raw_original-X1T-recycled.csv | 解压内容/001_Data_Raw/Tensile-test_Raw_original-X1T.csv | 解压内容/001_Data_Raw/TGA_Raw_original-P1T-recycled.csv | 解压内容/001_Data_Raw/TGA_Raw_original-P1T.csv | 解压内容/001_Data_Raw/TGA_Raw_original-X1T-recycled.csv | 解压内容/001_Data_Raw/TGA_Raw_original-X1T.csv | 001_Data_Raw/DSC_Raw_original-P1T+P1T-recycled.csv
tpu-local-source-audit-2026-08-30-v1,Zenodo_生物基共轭氨基甲酸酯玻璃体,toughness,21,high,materialized_all_detected_targets,True,41,2,True,True,已接入；仅在新增独立数据或改进映射时更新,曲线审计清单.tsv | 解压内容/001_Data_Raw/DSC_Raw_original-P1T+P1T-recycled.csv | 解压内容/001_Data_Raw/DSC_Raw_original-X1T+X1T-recycled.csv | 解压内容/001_Data_Raw/Tensile-test_Raw_original-P1T-recycled.csv | 解压内容/001_Data_Raw/Tensile-test_Raw_original-P1T.csv | 解压内容/001_Data_Raw/Tensile-test_Raw_original-X1T-recycled.csv | 解压内容/001_Data_Raw/Tensile-test_Raw_original-X1T.csv | 解压内容/001_Data_Raw/TGA_Raw_original-P1T-recycled.csv | 解压内容/001_Data_Raw/TGA_Raw_original-P1T.csv | 解压内容/001_Data_Raw/TGA_Raw_original-X1T-recycled.csv | 解压内容/001_Data_Raw/TGA_Raw_original-X1T.csv | 001_Data_Raw/DSC_Raw_original-P1T+P1T-recycled.csv
tpu-local-source-audit-2026-08-30-v1,第十批计算_OpenPolymerChallenge,cyclic_recovery,19,high,materialized_all_detected_targets,True,6,1,True,False,已接入；仅在新增独立数据或改进映射时更新,下载许可与哈希元数据.json
tpu-local-source-audit-2026-08-30-v1,第十批计算_OpenPolymerChallenge,thermal_stability,19,high,materialized_all_detected_targets,True,6,1,True,False,已接入；仅在新增独立数据或改进映射时更新,下载许可与哈希元数据.json
tpu-local-source-audit-2026-08-30-v1,第十批计算_OpenPolymerChallenge,toughness,19,high,materialized_all_detected_targets,True,6,1,True,False,已接入；仅在新增独立数据或改进映射时更新,下载许可与哈希元数据.json
tpu-local-source-audit-2026-08-30-v1,ACS_Figshare_呋喃高强聚氨酯,cyclic_recovery,17,high,materialized_all_detected_targets,True,5,0,True,True,已接入；仅在新增独立数据或改进映射时更新,曲线审计清单.tsv
tpu-local-source-audit-2026-08-30-v1,ACS_Figshare_呋喃高强聚氨酯,toughness,17,high,materialized_all_detected_targets,True,5,0,True,True,已接入；仅在新增独立数据或改进映射时更新,曲线审计清单.tsv
tpu-local-source-audit-2026-08-30-v1,ACS_Figshare_氢键纳米结构TPU,thermal_stability,17,high,materialized_all_detected_targets,True,5,0,True,True,已接入；仅在新增独立数据或改进映射时更新,曲线审计清单.tsv
tpu-local-source-audit-2026-08-30-v1,ACS_Figshare_氢键纳米结构TPU,toughness,17,high,materialized_all_detected_targets,True,5,0,True,True,已接入；仅在新增独立数据或改进映射时更新,曲线审计清单.tsv
tpu-local-source-audit-2026-08-30-v1,Zenodo_TPU1301热黏弹黏塑本构,cyclic_recovery,17,high,materialized_all_detected_targets,True,5,1,True,True,已接入；仅在新增独立数据或改进映射时更新,曲线审计清单.tsv | ijss_2025_vevp_ScriptsForTestsImages/Validation/TorsionRotationCorrection/ | ijss_2025_vevp_ScriptsForTestsImages/Validation/TorsionRotationCorrection/F43/ | ijss_2025_vevp_ScriptsForTestsImages/Validation/TorsionRotationCorrection/F43/energy_part4.csv | ijss_2025_vevp_ScriptsForTestsImages/Validation/TorsionRotationCorrection/F43/energy_part10.csv | ijss_2025_vevp_ScriptsForTestsImages/Validation/TorsionRotationCorrection/F43/hollowCylinderFull_JKU_Torsion.py | ijss_2025_vevp_ScriptsForTestsImages/Validation/TorsionRotationCorrection/F43/energy_part0.csv | ijss_2025_vevp_ScriptsForTestsImages/Validation/TorsionRotationCorrection/F43/energy_part1.csv | ijss_2025_vevp_ScriptsForTestsImages/Validation/TorsionRotationCorrection/F43/internalForceOnPhysicalFace5_part1.csv | ijss_2025_vevp_ScriptsForTestsImages/Validation/TorsionRotationCorrection/F43/energy_part2.csv | ijss_2025_vevp_ScriptsForTestsImages/Validation/TorsionRotationCorrection/F43/internalForceOnPhysicalFace5_part12.csv | ijss_2025_vevp_ScriptsForTestsImages/Validation/TorsionRotationCorrection/F43/internalForceOnPhysicalFace5_part9.csv
tpu-local-source-audit-2026-08-30-v1,Zenodo_TPU1301热黏弹黏塑本构,toughness,17,high,materialized_all_detected_targets,True,5,1,True,True,已接入；仅在新增独立数据或改进映射时更新,曲线审计清单.tsv | ijss_2025_vevp_ScriptsForTestsImages/Validation/TorsionRotationCorrection/ | ijss_2025_vevp_ScriptsForTestsImages/Validation/TorsionRotationCorrection/F43/ | ijss_2025_vevp_ScriptsForTestsImages/Validation/TorsionRotationCorrection/F43/energy_part4.csv | ijss_2025_vevp_ScriptsForTestsImages/Validation/TorsionRotationCorrection/F43/energy_part10.csv | ijss_2025_vevp_ScriptsForTestsImages/Validation/TorsionRotationCorrection/F43/hollowCylinderFull_JKU_Torsion.py | ijss_2025_vevp_ScriptsForTestsImages/Validation/TorsionRotationCorrection/F43/energy_part0.csv | ijss_2025_vevp_ScriptsForTestsImages/Validation/TorsionRotationCorrection/F43/energy_part1.csv | ijss_2025_vevp_ScriptsForTestsImages/Validation/TorsionRotationCorrection/F43/internalForceOnPhysicalFace5_part1.csv | ijss_2025_vevp_ScriptsForTestsImages/Validation/TorsionRotationCorrection/F43/energy_part2.csv | ijss_2025_vevp_ScriptsForTestsImages/Validation/TorsionRotationCorrection/F43/internalForceOnPhysicalFace5_part12.csv | ijss_2025_vevp_ScriptsForTestsImages/Validation/TorsionRotationCorrection/F43/internalForceOnPhysicalFace5_part9.csv
tpu-local-source-audit-2026-08-30-v1,Zenodo_Tecoflex药物复合TPU,thermal_stability,17,high,materialized_all_detected_targets,True,15,1,True,True,已接入；仅在新增独立数据或改进映射时更新,TGA thermal analysis.xlsx | 曲线审计清单.tsv
tpu-local-source-audit-2026-08-30-v1,Zenodo_Tecoflex药物复合TPU,toughness,17,high,materialized_all_detected_targets,True,15,1,True,True,已接入；仅在新增独立数据或改进映射时更新,TGA thermal analysis.xlsx | 曲线审计清单.tsv
tpu-local-source-audit-2026-08-30-v1,Zenodo_导电自修复可回收PU复合材料,cyclic_recovery,17,high,materialized_all_detected_targets,True,2,1,True,True,已接入；仅在新增独立数据或改进映射时更新,
tpu-local-source-audit-2026-08-30-v1,Zenodo_导电自修复可回收PU复合材料,toughness,17,high,materialized_all_detected_targets,True,2,1,True,True,已接入；仅在新增独立数据或改进映射时更新,
tpu-local-source-audit-2026-08-30-v1,第八批实验_非异氰酸酯PHCU热塑性聚氨酯,thermal_stability,17,high,materialized_all_detected_targets,True,13,1,True,True,已接入；仅在新增独立数据或改进映射时更新,第八批实验_非异氰酸酯PHCU热塑性聚氨酯 | 只读导出/TGA.opj.1.dat | 只读导出/拉伸.opj.1.dat | 曲线审计清单.tsv | 解压原件/DSC/PHCU10.001 | 解压原件/DSC/PHCU20.001 | 解压原件/DSC/PHCU30.001 | 解压原件/DSC/PHCU40.001 | 解压原件/DSC/PHCU50.001 | 解压原件/DSC/PHCU70.001 | 解压原件/Tensile/tensile.opj | 解压原件/TGA/TGA.opj
tpu-local-source-audit-2026-08-30-v1,第八批实验_非异氰酸酯PHCU热塑性聚氨酯,toughness,17,high,materialized_all_detected_targets,True,13,1,True,True,已接入；仅在新增独立数据或改进映射时更新,第八批实验_非异氰酸酯PHCU热塑性聚氨酯 | 只读导出/TGA.opj.1.dat | 只读导出/拉伸.opj.1.dat | 曲线审计清单.tsv | 解压原件/DSC/PHCU10.001 | 解压原件/DSC/PHCU20.001 | 解压原件/DSC/PHCU30.001 | 解压原件/DSC/PHCU40.001 | 解压原件/DSC/PHCU50.001 | 解压原件/DSC/PHCU70.001 | 解压原件/Tensile/tensile.opj | 解压原件/TGA/TGA.opj
tpu-local-source-audit-2026-08-30-v1,第十三批实验_日期籽油PU-PIR,thermal_stability,17,high,blocked_units_protocol,True,12,1,True,True,已接入；仅在新增独立数据或改进映射时更新,FT-IR data of DSO polyol  | TGA-DTG-DTA- DSC OF DSOpolyol | FT-IR of S1 (0%DSOpolyol) | FT-IR OF S2 (30%DSOpolyol) | FT-IR OF S3 (50%DSOpolyol) | FT-IR OF S4 (70%DSOpolyol) | FT-IR OF S5 (100%DSOpolyol) | S1 (0% DSO polyol) | S2 (30% DSO polyol) | S3 (50% DSO polyol) | S4 (70% DSO polyol) | S5 (100% DSO polyol)
tpu-local-source-audit-2026-08-30-v1,第十三批实验_日期籽油PU-PIR,toughness,17,high,blocked_units_protocol,False,12,1,True,True,等待正文图轴/方法或作者补证单位与协议；禁止生成绝对韧性标签,FT-IR data of DSO polyol  | TGA-DTG-DTA- DSC OF DSOpolyol | FT-IR of S1 (0%DSOpolyol) | FT-IR OF S2 (30%DSOpolyol) | FT-IR OF S3 (50%DSOpolyol) | FT-IR OF S4 (70%DSOpolyol) | FT-IR OF S5 (100%DSOpolyol) | S1 (0% DSO polyol) | S2 (30% DSO polyol) | S3 (50% DSO polyol) | S4 (70% DSO polyol) | S5 (100% DSO polyol)
tpu-local-source-audit-2026-08-30-v1,第十八批实验_IIR-OH聚氨酯,cyclic_recovery,17,high,materialized_all_detected_targets,True,6,1,True,True,已接入；仅在新增独立数据或改进映射时更新,曲线审计清单.tsv | source_directory	source_record_id	observation_id	formulation_id	sample_id	record_kind	component_name	component_role	property_name	value	unit	uncertainty_value	uncertainty_type	condition_name	condition_value	condition_unit	target_origin	data | Low-Permeability and Calcification-resistant Polyu/Dataset 2. Network and mechanical data/tensile raw data/Tensile.xlsx | Low-Permeability and Calcification-resistant Polyu/Dataset 2. Network and mechanical data/swelling raw data and crosslink density calculation sheet/Gel content and Crosslink density calculation.xlsx | Low-Permeability and Calcification-resistant Polyu/Dataset 2. Network and mechanical data/cyclic tensile raw data/HMDI-4-(C0-50)-1.txt | Low-Permeability and Calcification-resistant Polyu/Dataset 2. Network and mechanical data/cyclic tensile raw data/HMDI-4-(C0-50)-3.txt | Low-Permeability and Calcification-resistant Polyu/Dataset 2. Network and mechanical data/cyclic tensile raw data/HMDI-4-(C0-50)-2.txt | Low-Permeability and Calcification-resistant Polyu/Dataset 2. Network and mechanical data/cyclic tensile raw data/HDI-4-(C0-50)-1.txt | Low-Permeability and Calcification-resistant Polyu/Dataset 2. Network and mechanical data/cyclic tensile raw data/HDI-4-(C0-50)-3.txt | Low-Permeability and Calcification-resistant Polyu/Dataset 2. Network and mechanical data/cyclic tensile raw data/HDI-4-(C0-50)-2.txt | Low-Permeability and Calcification-resistant Polyu/Dataset 3. Barrier and aging data/hydrolytic aging mechanical retention raw data/HDI-4-Before-1.txt | Low-Permeability and Calcification-resistant Polyu/Dataset 3. Barrier and aging data/hydrolytic aging mechanical retention raw data/HDI-4-After-1.txt
tpu-local-source-audit-2026-08-30-v1,第十八批实验_IIR-OH聚氨酯,toughness,17,high,materialized_all_detected_targets,True,6,1,True,True,已接入；仅在新增独立数据或改进映射时更新,曲线审计清单.tsv | source_directory	source_record_id	observation_id	formulation_id	sample_id	record_kind	component_name	component_role	property_name	value	unit	uncertainty_value	uncertainty_type	condition_name	condition_value	condition_unit	target_origin	data | Low-Permeability and Calcification-resistant Polyu/Dataset 2. Network and mechanical data/tensile raw data/Tensile.xlsx | Low-Permeability and Calcification-resistant Polyu/Dataset 2. Network and mechanical data/swelling raw data and crosslink density calculation sheet/Gel content and Crosslink density calculation.xlsx | Low-Permeability and Calcification-resistant Polyu/Dataset 2. Network and mechanical data/cyclic tensile raw data/HMDI-4-(C0-50)-1.txt | Low-Permeability and Calcification-resistant Polyu/Dataset 2. Network and mechanical data/cyclic tensile raw data/HMDI-4-(C0-50)-3.txt | Low-Permeability and Calcification-resistant Polyu/Dataset 2. Network and mechanical data/cyclic tensile raw data/HMDI-4-(C0-50)-2.txt | Low-Permeability and Calcification-resistant Polyu/Dataset 2. Network and mechanical data/cyclic tensile raw data/HDI-4-(C0-50)-1.txt | Low-Permeability and Calcification-resistant Polyu/Dataset 2. Network and mechanical data/cyclic tensile raw data/HDI-4-(C0-50)-3.txt | Low-Permeability and Calcification-resistant Polyu/Dataset 2. Network and mechanical data/cyclic tensile raw data/HDI-4-(C0-50)-2.txt | Low-Permeability and Calcification-resistant Polyu/Dataset 3. Barrier and aging data/hydrolytic aging mechanical retention raw data/HDI-4-Before-1.txt | Low-Permeability and Calcification-resistant Polyu/Dataset 3. Barrier and aging data/hydrolytic aging mechanical retention raw data/HDI-4-After-1.txt
tpu-local-source-audit-2026-08-30-v1,第十五批计算_多组分PU多尺度模拟,cyclic_recovery,15,high,materialized_all_detected_targets,True,5,0,True,False,已接入；仅在新增独立数据或改进映射时更新,
tpu-local-source-audit-2026-08-30-v1,第十五批计算_多组分PU多尺度模拟,toughness,15,high,materialized_all_detected_targets,True,5,0,True,False,已接入；仅在新增独立数据或改进映射时更新,
tpu-local-source-audit-2026-08-30-v1,Mendeley_商业TPU温度疲劳多工况,cyclic_recovery,14,high,materialized_all_detected_targets,True,5,1,False,True,已接入；仅在新增独立数据或改进映射时更新,Mendeley_商业TPU温度疲劳多工况 | 曲线审计清单.tsv | Internship_CSM_XSTRMLAB_Sandor_Habets_2024/Load_frame_measurements/Elastollan1154D/1154D14_01_22_2024_1530_recovery.csv | Internship_CSM_XSTRMLAB_Sandor_Habets_2024/Load_frame_measurements/Elastollan1154D/1154D13_01_22_2024_1523_recovery.csv | Internship_CSM_XSTRMLAB_Sandor_Habets_2024/Load_frame_measurements/Elastollan1195A/1195A11_01_22_2024_1533_recovery.csv | Internship_CSM_XSTRMLAB_Sandor_Habets_2024/Load_frame_measurements/Elastollan1195A/1195A12_01_22_2024_1536_recovery.csv | Internship_CSM_XSTRMLAB_Sandor_Habets_2024/Load_frame_measurements/Texin245/Texin11_01_22_2024_1543_recovery.csv | Internship_CSM_XSTRMLAB_Sandor_Habets_2024/Load_frame_measurements/Texin245/Texin12_01_22_2024_1546_recovery.csv | 来源	材料	试验类型	条件	数据角色	曲线ID	点数	曲线SHA256	试样或家族组	source_summary_state	source_summary_evidence	source_display_id	formula_target_specimen_id	quality_gate	training_split	weight	备注
tpu-local-source-audit-2026-08-30-v1,Mendeley_商业TPU温度疲劳多工况,toughness,14,high,materialized_all_detected_targets,True,5,1,False,True,已接入；仅在新增独立数据或改进映射时更新,Mendeley_商业TPU温度疲劳多工况 | 曲线审计清单.tsv | Internship_CSM_XSTRMLAB_Sandor_Habets_2024/Load_frame_measurements/Elastollan1154D/1154D14_01_22_2024_1530_recovery.csv | Internship_CSM_XSTRMLAB_Sandor_Habets_2024/Load_frame_measurements/Elastollan1154D/1154D13_01_22_2024_1523_recovery.csv | Internship_CSM_XSTRMLAB_Sandor_Habets_2024/Load_frame_measurements/Elastollan1195A/1195A11_01_22_2024_1533_recovery.csv | Internship_CSM_XSTRMLAB_Sandor_Habets_2024/Load_frame_measurements/Elastollan1195A/1195A12_01_22_2024_1536_recovery.csv | Internship_CSM_XSTRMLAB_Sandor_Habets_2024/Load_frame_measurements/Texin245/Texin11_01_22_2024_1543_recovery.csv | Internship_CSM_XSTRMLAB_Sandor_Habets_2024/Load_frame_measurements/Texin245/Texin12_01_22_2024_1546_recovery.csv | 来源	材料	试验类型	条件	数据角色	曲线ID	点数	曲线SHA256	试样或家族组	source_summary_state	source_summary_evidence	source_display_id	formula_target_specimen_id	quality_gate	training_split	weight	备注
tpu-local-source-audit-2026-08-30-v1,Zenodo_PU微球复合材料拉伸,cyclic_recovery,14,high,materialized_all_detected_targets,True,5,1,False,True,已接入；仅在新增独立数据或改进映射时更新,Zenodo_PU微球复合材料拉伸 | 曲线审计清单.tsv | 来源	材料	工况或试样	数据角色	曲线或文件	点数	试样组键	准入状态	备注
tpu-local-source-audit-2026-08-30-v1,Zenodo_PU微球复合材料拉伸,toughness,14,high,materialized_all_detected_targets,True,5,1,False,True,已接入；仅在新增独立数据或改进映射时更新,Zenodo_PU微球复合材料拉伸 | 曲线审计清单.tsv | 来源	材料	工况或试样	数据角色	曲线或文件	点数	试样组键	准入状态	备注
tpu-local-source-audit-2026-08-30-v1,ACS_Figshare_聚酰亚胺回收链扩剂PU,toughness,13,high,materialized_all_detected_targets,True,5,0,True,True,已接入；仅在新增独立数据或改进映射时更新,曲线审计清单.tsv
tpu-local-source-audit-2026-08-30-v1,Figshare_PU高低速变形后应力松弛,cyclic_recovery,13,high,materialized_all_detected_targets,True,5,1,True,True,已接入；仅在新增独立数据或改进映射时更新,Figshare_PU高低速变形后应力松弛 | 曲线审计清单.tsv | 来源	材料	工况或试样	数据角色	曲线或文件	点数	试样组键	准入状态	备注
tpu-local-source-audit-2026-08-30-v1,MaterialsCloud_商用PU泡沫多轴断裂力学,toughness,13,high,materialized_all_detected_targets,True,84,1,True,True,已接入；仅在新增独立数据或改进映射时更新,MaterialsCloud_商用PU泡沫多轴断裂力学 | 曲线审计清单.tsv | 解压内容/PUF/Toughness/Info.txt | 解压内容/PUF/Toughness/Nominal Dimensions.png | 解压内容/PUF/Toughness/Sample 1/Correlation_1.csv | 解压内容/PUF/Toughness/Sample 1/Initial.tif | 解压内容/PUF/Toughness/Sample 1/Loaded.tif | 解压内容/PUF/Toughness/Sample 1/Specimen_RawData_1.csv | 解压内容/PUF/Toughness/Sample 2/Correlation_2.csv | 解压内容/PUF/Toughness/Sample 2/Initial.tif | 解压内容/PUF/Toughness/Sample 2/Loaded.tif | 解压内容/PUF/Toughness/Sample 2/Specimen_RawData_2.csv
tpu-local-source-audit-2026-08-30-v1,Mendeley_TPU95A_TPMS应变率力学,cyclic_recovery,13,high,materialized_all_detected_targets,True,21,0,True,True,已接入；仅在新增独立数据或改进映射时更新,Mendeley_TPU95A_TPMS应变率力学 | 官方拉伸文件清单.json | 官方松弛文件清单.json | 实验文件/拉伸/sample1.csv | 实验文件/拉伸/sample2.csv | 实验文件/拉伸/sample3.csv | 实验文件/拉伸/Tensile data figure.jpg | 实验文件/松弛/Relaxation test figure.jpg | 实验文件/松弛/Strain0_1_sample1.csv | 实验文件/松弛/Strain0_1_sample2.csv | 实验文件/松弛/Strain0_1_sample3.csv | 实验文件/松弛/Strain0_2_sample1.csv
tpu-local-source-audit-2026-08-30-v1,Zenodo_TPU鞋材热稳定与耐磨,thermal_stability,13,high,materialized_all_detected_targets,True,7,0,True,True,已接入；仅在新增独立数据或改进映射时更新,Zenodo_TPU鞋材热稳定与耐磨 | DSC数据整理.xlsx
tpu-local-source-audit-2026-08-30-v1,第七批补充材料_孢子填充TPU,toughness,13,high,materialized_all_detected_targets,True,7,0,True,True,已接入；仅在新增独立数据或改进映射时更新,曲线审计清单.tsv | 源数据.xlsx | curve_id	source_sheet	source_figure	spore_type	spore_wt_pct	formulation_id	replicate_source_order	strain_column	stress_column	first_excel_row	last_excel_row	point_count	partial_pair_rows	strain_min_pct	strain_max_pct	stress_min_MPa	stress_m | scalar_id	source_sheet	source_figure	spore_type	spore_wt_pct	formulation_id	replicate_source_order	metric	value	unit	source_cell
tpu-local-source-audit-2026-08-30-v1,第七批计算_异山梨醇动态聚氨酯多尺度力学,toughness,13,high,blocked_data_rights,False,11,1,True,True,等待上游仓库明确数据许可；仅保留本地Gold-C参考，禁止公开数值再分发,第七批计算_异山梨醇动态聚氨酯多尺度力学 | poly-mech-props-d2d322942135c7a1b93fcbb03fe7c018416cb6b8/MCPoly/sscurve/ | poly-mech-props-d2d322942135c7a1b93fcbb03fe7c018416cb6b8/MCPoly/sscurve/YModulus.py | poly-mech-props-d2d322942135c7a1b93fcbb03fe7c018416cb6b8/MCPoly/sscurve/__init__.py | poly-mech-props-d2d322942135c7a1b93fcbb03fe7c018416cb6b8/MCPoly/sscurve/gui.py | poly-mech-props-d2d322942135c7a1b93fcbb03fe7c018416cb6b8/MCPoly/sscurve/gui2.py | poly-mech-props-d2d322942135c7a1b93fcbb03fe7c018416cb6b8/MCPoly/sscurve/multiple.py | poly-mech-props-d2d322942135c7a1b93fcbb03fe7c018416cb6b8/MCPoly/sscurve/multiple2.py | poly-mech-props-d2d322942135c7a1b93fcbb03fe7c018416cb6b8/MCPoly/sscurve/single.py | poly-mech-props-d2d322942135c7a1b93fcbb03fe7c018416cb6b8/bulk/uniaxial_tensile_deformation.in | file_name	download_url	source_version	size_bytes	sha256	license_state	accessed_at | rank	candidate	article_doi	data_identifier	access	license	verified_content	recommendation
tpu-local-source-audit-2026-08-30-v1,第八批实验_SLS_TPU晶格工艺,cyclic_recovery,13,high,materialized_all_detected_targets,True,5,0,True,True,已接入；仅在新增独立数据或改进映射时更新,原始数据.xlsx
tpu-local-source-audit-2026-08-30-v1,第八批实验_TPU文献力学汇总,toughness,13,high,materialized_all_detected_targets,True,6,0,True,True,已接入；仅在新增独立数据或改进映射时更新,第八批实验_TPU文献力学汇总 | 原始数据.xlsx
tpu-local-source-audit-2026-08-30-v1,第八批混合_PU铜调控热解多尺度,thermal_stability,13,high,materialized_all_detected_targets,True,6,0,True,True,已接入；仅在新增独立数据或改进映射时更新,原始数据.xlsx | 实验曲线审计清单.tsv | Figure1e Cu-free TG DTG | curve_id	sheet	source_columns	material_state	copper_status	heating_rate_c_per_min	response_type	axis_unit	response_unit	observed_response_points	paired_response_points	orphan_axis_points	orphan_response_points	internal_blank_rows	numeric_te | file	bytes	md5	sha256	verification	license	doi
tpu-local-source-audit-2026-08-30-v1,第十九批模拟_老化植物基PU泡沫,toughness,13,high,materialized_all_detected_targets,True,4,1,True,True,已接入；仅在新增独立数据或改进映射时更新,Simulated Results for Aged Polyurethane Foam/Stress-Strain data/6.rpt | Simulated Results for Aged Polyurethane Foam/Stress-Strain data/1.rpt | Simulated Results for Aged Polyurethane Foam/Stress-Strain data/2.rpt | Simulated Results for Aged Polyurethane Foam/Stress-Strain data/8.rpt | Simulated Results for Aged Polyurethane Foam/Stress-Strain data/0.rpt | Simulated Results for Aged Polyurethane Foam/Stress-Strain data/3.rpt | Simulated Results for Aged Polyurethane Foam/Stress-Strain data/4.rpt | Simulated Results for Aged Polyurethane Foam/Stress-Strain data/5.rpt | Simulated Results for Aged Polyurethane Foam/Stress-Strain data/9.rpt | Simulated Results for Aged Polyurethane Foam/Stress-Strain data/7.rpt | Simulated Results for Aged Polyurethane Foam/Stress-Strain data/10.rpt | Simulated Results for Aged Polyurethane Foam/Stress-Strain data/11.rpt
tpu-local-source-audit-2026-08-30-v1,第十四批实验_PU汽车座椅,cyclic_recovery,13,high,materialized_all_detected_targets,True,10,0,True,True,已接入；仅在新增独立数据或改进映射时更新,DataCite_原始数据集_v2_元数据.json | Mendeley_原始数据集_v2_官方元数据.json
tpu-local-source-audit-2026-08-30-v1,Mendeley_PU泡沫动态力学_精选表,toughness,11,medium,materialized_all_detected_targets,True,7,0,True,False,已接入；仅在新增独立数据或改进映射时更新,Mendeley_PU泡沫动态力学_精选表
tpu-local-source-audit-2026-08-30-v1,Mendeley_FDM_TPU晶格与基材力学,toughness,10,medium,materialized_all_detected_targets,True,6,1,False,True,已接入；仅在新增独立数据或改进映射时更新,Mendeley_FDM_TPU晶格与基材力学 | 曲线审计清单.tsv | Experimental and numerical data for FDM-printed PL/Material Characterization/PLA/Tensile PLA +45 Y.xlsx | Experimental and numerical data for FDM-printed PL/Material Characterization/PLA/Tensile PLA +45 X.xlsx | Experimental and numerical data for FDM-printed PL/Material Characterization/PLA/Tensile PLA +45 Z.xlsx | Experimental and numerical data for FDM-printed PL/Material Characterization/PLA/Tensile PLA +45.zs2 | Experimental and numerical data for FDM-printed PL/Material Characterization/TPU/Tensile TPU +45 Y.xlsx | Experimental and numerical data for FDM-printed PL/Material Characterization/TPU/Tensile TPU +45 X.xlsx | Experimental and numerical data for FDM-printed PL/Material Characterization/TPU/Tensile TPU +45 Z.xlsx | Experimental and numerical data for FDM-printed PL/Material Characterization/TPU/Tensile TPU +45.zs2 | 来源	材料	试验类型	条件	数据角色	曲线ID	点数	曲线SHA256	试样或家族组	source_summary_state	source_summary_evidence	source_display_id	formula_target_specimen_id	quality_gate	training_split	weight	备注
tpu-local-source-audit-2026-08-30-v1,Texas_湿干单根电纺PU纤维力学,cyclic_recovery,10,medium,materialized_all_detected_targets,True,43,1,False,True,已接入；仅在新增独立数据或改进映射时更新,"Texas_湿干单根电纺PU纤维力学 | 曲线审计清单.tsv | 条件	独立纤维数	机械CSV数	机械点行数	有限数值单元格数	加载恢复曲线段数	直径样本数	直径最小_um	直径均值_um	直径最大_um	温度最小_C	温度最大_C	测试日期批次及样本数	数据库层级	泄漏分组建议 | Set Name,Cycle,Time(ms),ZTip Displacement(um),ZBase Displacement(um),Current Size (um),ZForce(uN),XTip Displacement(um),XBase Displacement(um),XForce(uN),Temperature (癈),,Diameter(um),,,Coordinates(pixels),Coordinates(um) | Set Name,Cycle,Time(ms),ZTip Displacement(um),ZBase Displacement(um),Current Size (um),ZForce(uN),XTip Displacement(um),XBase Displacement(um),XForce(uN),Temperature (癈),,Diameter(um),,,Coordinates(pixels),Coordinates(um) | Set Name,Cycle,Time(ms),ZTip Displacement(um),ZBase Displacement(um),Current Size (um),ZForce(uN),XTip Displacement(um),XBase Displacement(um),XForce(uN),Temperature (癈),,Diameter(um),,,Coordinates(pixels),Coordinates(um) | Set Name,Cycle,Time(ms),ZTip Displacement(um),ZBase Displacement(um),Current Size (um),ZForce(uN),XTip Displacement(um),XBase Displacement(um),XForce(uN),Temperature (癈),,Diameter(um),,,Coordinates(pixels),Coordinates(um) | Set Name,Cycle,Time(ms),ZTip Displacement(um),ZBase Displacement(um),Current Size (um),ZForce(uN),XTip Displacement(um),XBase Displacement(um),XForce(uN),Temperature (癈),,Diameter(um),,,Coordinates(pixels),Coordinates(um) | Set Name,Cycle,Time(ms),ZTip Displacement(um),ZBase Displacement(um),Current Size (um),ZForce(uN),XTip Displacement(um),XBase Displacement(um),XForce(uN),Temperature (癈),,Diameter(um),,,Coordinates(pixels),Coordinates(um) | Set Name,Cycle,Time(ms),ZTip Displacement(um),ZBase Displacement(um),Current Size (um),ZForce(uN),XTip Displacement(um),XBase Displacement(um),XForce(uN),Temperature (癈),,Diameter(um),,,Coordinates(pixels),Coordinates(um) | Set Name,Cycle,Time(ms),ZTip Displacement(um),ZBase Displacement(um),Current Size (um),ZForce(uN),XTip Displacement(um),XBase Displacement(um),XForce(uN),Temperature (癈),,Diameter(um),,,Coordinates(pixels),Coordinates(um) | Set Name,Cycle,Time(ms),ZTip Displacement(um),ZBase Displacement(um),Current Size (um),ZForce(uN),XTip Displacement(um),XBase Displacement(um),XForce(uN),Temperature (癈),,Diameter(um),,,Coordinates(pixels),Coordinates(um)"
tpu-local-source-audit-2026-08-30-v1,Figshare_碳酸酯TPU强韧自愈,toughness,8,medium,materialized_all_detected_targets,True,4,0,False,False,已接入；仅在新增独立数据或改进映射时更新,
tpu-local-source-audit-2026-08-30-v1,Mendeley_SLS_TPU工艺力学,toughness,8,medium,materialized_all_detected_targets,True,218,0,False,False,已接入；仅在新增独立数据或改进映射时更新,Mendeley_SLS_TPU工艺力学 | 序号	文件ID	文件名	扩展名	内容类型	来源URL	许可	许可URL	官方字节数	取舍	本地分层	本地相对路径	实际字节数	官方SHA256	实际SHA256	校验状态	未下载原因
tpu-local-source-audit-2026-08-30-v1,Zenodo_多孔导电TPU纳米复合膜,toughness,8,medium,materialized_all_detected_targets,True,3,0,False,False,已接入；仅在新增独立数据或改进映射时更新,2. Tensile Properties
