candidate_id,component_role,ensemble_status,task_index,canonical_smiles,geometry_status,inchi_key,molecular_formula,rdkit_mol_weight,query_status,pubchem_cid,pubchem_vendor_record_count,pubchem_distinct_vendor_count,pubchem_vendor_names,catalog_prefilter_status,queried_utc,pubchem_vendor_hit,molbloom_hit,molbloom_catalog,smallworld_hit,smallworld_result_count,emolecules_exact_url,catalog_signal_count,unified_catalog_status,direct_commercial_evidence_status,experiment_release_status,experimental_gate_status,experimental_gate_reason,allowed_use
chemical_16bdee252ed11d7a,chain_extender,complete,0,CC(O)C(C)O,ready,OWBTYPJTUOEWEK-UHFFFAOYSA-N,C4H10O2,90.122,completed,262.0,133,69.0,"001Chemical;10X CHEM;1st Scientific;A2B Chem;AA BLOCKS;AKos Consulting & Solutions;AbaChemScene;Accel Scientific;Achemtek;Acmec Biochemical;AiFChem, an XtalPi Company;Aladdin Scientific;Alfa Chemistry;Allbio Pharm Co., Ltd;Ambeed;Angel Pharmatech Ltd.;Angene Chemical;AppChem;AstaTech, Inc.;BLD Pharm;BOC Sciences;BenchChem;Biorbyt;Biosynth;CAPOT;CATO Research Chemicals Inc.;Chem-Impex;Chem-Space.com Database;Chemenu Inc.;ChemoSapiens;Combi-Blocks;Cooke Chemical Co., Ltd;CymitQuimica;Debye Scientific Co., Ltd;Enamine;EvitaChem;Finetech Industry Limited;Fluorochem;Hairui Chemical;INTERBIOSCREEN;InvivoChem;J&H Chemical Co.,ltd;LGC Standards;Life Chemicals;Matrix Scientific;Mcule;MedChemexpress MCE;MolCore;Molport;MuseChem;Oakwood Products;Quality Control Solutions (QCS Standards);RR Scientific;Selleck Chemicals;Sigma-Aldrich;Sinfoo Biotech;Smolecule;Starshine Chemical;SynHet - Synthetic Heterocycles;SynQuest Laboratories;Synblock Inc;TCI (Tokyo Chemical Industry);TargetMol;Thermo Fisher Scientific;VladaChem;Yuhao Chemical;abcr GmbH;eMolecules;eNovation Chemicals",catalog_index_hit,2026-08-24T12:21:23.084837+00:00,True,False,zinc-instock-mini,False,0,https://www.emolecules.com/search/?q=CC%28O%29C%28C%29O&t=1,1,single_catalog_signal,required,blocked_pending_quote_sds_and_local_approval,blocked,direct_manufacturer_or_catalog_identity_not_verified,model_training_and_quantum_reference
chemical_1ace6e6abb3b5be3,chain_extender,complete,1,Oc1ccc(O)c2c1C1CCC2C1,ready,JYHNNCBQCSLFQM-UHFFFAOYSA-N,C11H12O2,176.21499999999995,completed,85967.0,44,39.0,"001Chemical;10X CHEM;1st Scientific;A2B Chem;AA BLOCKS;AKos Consulting & Solutions;AbaChemScene;Accel Scientific;Alfa Chemistry;Angel Pharmatech Ltd.;Angene Chemical;AstaTech, Inc.;BLD Pharm;BOC Sciences;BenchChem;Biorbyt;CATO Research Chemicals Inc.;Chem-Space.com Database;Chemenu Inc.;ChemoSapiens;Cooke Chemical Co., Ltd;CymitQuimica;Finetech Industry Limited;Fluorochem;Hairui Chemical;J&H Chemical Co.,ltd;Key Organics/BIONET;Mcule;MolCore;Molport;MuseChem;Smolecule;Starshine Chemical;SynHet - Synthetic Heterocycles;TCI (Tokyo Chemical Industry);TargetMol;TimTec;eMolecules;eNovation Chemicals",catalog_index_hit,2026-08-24T12:21:26.634807+00:00,True,False,zinc-instock-mini,False,0,https://www.emolecules.com/search/?q=Oc1ccc%28O%29c2c1C1CCC2C1&t=1,1,single_catalog_signal,required,blocked_pending_quote_sds_and_local_approval,blocked,direct_manufacturer_or_catalog_identity_not_verified,model_training_and_quantum_reference
chemical_28a648027cd37607,chain_extender,complete,2,OCCCCCCCCCO,ready,ALVZNPYWJMLXKV-UHFFFAOYSA-N,C9H20O2,160.257,completed,19835.0,79,67.0,"001Chemical;10X CHEM;A2B Chem;AA BLOCKS;AKos Consulting & Solutions;AbaChemScene;Accel Scientific;Accela ChemBio Inc.;Acmec Biochemical;Activate Scientific;AiFChem, an XtalPi Company;Aladdin Scientific;Alfa Chemistry;Ambeed;Ambinter;Angene Chemical;AppChem;AstaTech, Inc.;BLD Pharm;BOC Sciences;BenchChem;Biorbyt;Biosynce Pharmatech;Biosynth;CATO Research Chemicals Inc.;Chem-Space.com Database;Chemenu Inc.;ChemoSapiens;Combi-Blocks;Cooke Chemical Co., Ltd;CymitQuimica;DSL Chemicals;Debye Scientific Co., Ltd;Enamine;Finetech Industry Limited;Fluorochem;Frinton Laboratories;Hairui Chemical;InvivoChem;J&H Chemical Co.,ltd;Key Organics/BIONET;LGC Standards;Matrix Scientific;Mcule;MolCore;Molport;MuseChem;Oakwood Products;Pi Chemicals;RR Scientific;Sigma-Aldrich;Sinfoo Biotech;Smolecule;Starshine Chemical;SynHet - Synthetic Heterocycles;Synthonix, Inc.;TCI (Tokyo Chemical Industry);TargetMol;Thermo Fisher Scientific;Thoreauchem;TimTec;VladaChem;Win-Win Chemical;Yuhao Chemical;abcr GmbH;eMolecules;eNovation Chemicals",catalog_index_hit,2026-08-24T12:21:30.351159+00:00,True,True,zinc-instock-mini,False,0,https://www.emolecules.com/search/?q=OCCCCCCCCCO&t=1,2,multiple_catalog_signals,required,blocked_pending_quote_sds_and_local_approval,blocked,direct_manufacturer_or_catalog_identity_not_verified,model_training_and_quantum_reference
chemical_2a0d22152800ae85,chain_extender,complete,3,Oc1ccc(Oc2ccc(O)cc2)cc1,ready,NZGQHKSLKRFZFL-UHFFFAOYSA-N,C12H10O3,202.209,completed,16069.0,66,57.0,"001Chemical;10X CHEM;A2B Chem;AA BLOCKS;AKos Consulting & Solutions;Accel Scientific;Accela ChemBio Inc.;Acmec Biochemical;Activate Scientific;AiFChem, an XtalPi Company;Aladdin Scientific;Alfa Chemistry;Ambeed;Ambinter;Angene Chemical;AppChem;AstaTech, Inc.;BLD Pharm;BOC Sciences;BenchChem;Biorbyt;Biosynth;CAPOT;CATO Research Chemicals Inc.;Chem-Space.com Database;ChemFish Tokyo Co., Ltd.;Chemenu Inc.;ChemoSapiens;Combi-Blocks;CymitQuimica;DSL Chemicals;Debye Scientific Co., Ltd;Enamine;Fluorochem;Hairui Chemical;Hunan Chemfish Pharmaceutical Co., Ltd.;J&H Chemical Co.,ltd;Key Organics/BIONET;LGC Standards;Mcule;MolCore;Molport;MuseChem;Oakwood Products;Pi Chemicals;Sigma-Aldrich;Sinfoo Biotech;Smolecule;Starshine Chemical;SynHet - Synthetic Heterocycles;TCI (Tokyo Chemical Industry);TimTec;VladaChem;Yuhao Chemical;abcr GmbH;eMolecules;eNovation Chemicals",catalog_index_hit,2026-08-24T12:21:33.093132+00:00,True,True,zinc-instock-mini,False,0,https://www.emolecules.com/search/?q=Oc1ccc%28Oc2ccc%28O%29cc2%29cc1&t=1,2,multiple_catalog_signals,required,blocked_pending_quote_sds_and_local_approval,blocked,direct_manufacturer_or_catalog_identity_not_verified,model_training_and_quantum_reference
chemical_2dad29ca9d88607e,chain_extender,complete,4,OC1CCC(C2CCC(O)CC2)CC1,ready,MZXNOAWIRQFYDB-UHFFFAOYSA-N,C12H22O2,198.30599999999993,completed,88608.0,60,53.0,"001Chemical;10X CHEM;1st Scientific;A2B Chem;AA BLOCKS;AKos Consulting & Solutions;AbaChemScene;Accel Scientific;Accela ChemBio Inc.;Acmec Biochemical;Activate Scientific;AiFChem, an XtalPi Company;Aladdin Scientific;Alfa Chemistry;Ambeed;Ambinter;Angene Chemical;AppChem;AstaTech, Inc.;BLD Pharm;BOC Sciences;BenchChem;Biorbyt;Chem-Space.com Database;ChemShuttle;Chemenu Inc.;ChemoSapiens;Combi-Blocks;Cooke Chemical Co., Ltd;CymitQuimica;DSL Chemicals;Finetech Industry Limited;Fluorochem;Hairui Chemical;J&H Chemical Co.,ltd;Key Organics/BIONET;MolCore;Molport;Oakwood Products;Pi Chemicals;RR Scientific;Shandong Benrite New Chemical Materials Co.,Ltd;Smolecule;Starshine Chemical;SynHet - Synthetic Heterocycles;Synthonix, Inc.;TCI (Tokyo Chemical Industry);Thoreauchem;Win-Win Chemical;Yuhao Chemical;abcr GmbH;eMolecules;eNovation Chemicals",catalog_index_hit,2026-08-24T12:21:36.163087+00:00,True,True,zinc-instock-mini,False,0,https://www.emolecules.com/search/?q=OC1CCC%28C2CCC%28O%29CC2%29CC1&t=1,2,multiple_catalog_signals,required,blocked_pending_quote_sds_and_local_approval,blocked,direct_manufacturer_or_catalog_identity_not_verified,model_training_and_quantum_reference
chemical_3635aefc1005d8ad,chain_extender,complete,5,CC(C)(O)CCC(C)(C)O,ready,ZWNMRZQYWRLGMM-UHFFFAOYSA-N,C8H18O2,146.23,completed,8031.0,80,66.0,"001Chemical;10X CHEM;1st Scientific;A2B Chem;AA BLOCKS;AKos Consulting & Solutions;AbaChemScene;Accel Scientific;Achemtek;Acmec Biochemical;AgroIntelBioScan.com;AiFChem, an XtalPi Company;Aladdin Scientific;Alfa Chemistry;Ambeed;Ambinter;Angene Chemical;AppChem;AstaTech, Inc.;BLD Pharm;BOC Sciences;BenchChem;Biorbyt;Biosynce Pharmatech;Biosynth;CAPOT;CATO Research Chemicals Inc.;Chem-Space.com Database;ChemShuttle;Chemenu Inc.;ChemoSapiens;Clearsynth;Combi-Blocks;Cooke Chemical Co., Ltd;CymitQuimica;DSL Chemicals;Debye Scientific Co., Ltd;Enamine;Finetech Industry Limited;Fluorochem;Hairui Chemical;J&H Chemical Co.,ltd;Key Organics/BIONET;Mcule;MolCore;Moldb;Molport;MuseChem;Oakwood Products;RR Scientific;Sigma-Aldrich;Sinfoo Biotech;Smolecule;Starshine Chemical;SynHet - Synthetic Heterocycles;TCI (Tokyo Chemical Industry);TargetMol;Thermo Fisher Scientific;Thoreauchem;TimTec;VladaChem;Win-Win Chemical;Yuhao Chemical;abcr GmbH;eMolecules;eNovation Chemicals",catalog_index_hit,2026-08-24T12:21:40.163731+00:00,True,True,zinc-instock-mini,False,0,https://www.emolecules.com/search/?q=CC%28C%29%28O%29CCC%28C%29%28C%29O&t=1,2,multiple_catalog_signals,required,blocked_pending_quote_sds_and_local_approval,blocked,direct_manufacturer_or_catalog_identity_not_verified,model_training_and_quantum_reference
chemical_48e0f37b8f35d22d,chain_extender,complete,6,Cc1c(C)c(CO)c(C)c(C)c1CO,ready,KDJOOHBQJRVMIX-UHFFFAOYSA-N,C12H18O2,194.27399999999997,completed,82026.0,47,42.0,"10X CHEM;A2B Chem;AA BLOCKS;AChemBlock;AKos Consulting & Solutions;AbaChemScene;Accel Scientific;Accela ChemBio Inc.;Acmec Biochemical;AiFChem, an XtalPi Company;Aladdin Scientific;Alfa Chemistry;Ambeed;Ambinter;Angel Pharmatech Ltd.;Angene Chemical;AppChem;AstaTech, Inc.;BLD Pharm;BOC Sciences;BenchChem;CATO Research Chemicals Inc.;Chem-Space.com Database;ChemoSapiens;Combi-Blocks;Cooke Chemical Co., Ltd;CymitQuimica;Finetech Industry Limited;Fluorochem;Hairui Chemical;J&H Chemical Co.,ltd;Key Organics/BIONET;Mcule;Molport;MuseChem;Smolecule;Starshine Chemical;SynHet - Synthetic Heterocycles;TCI (Tokyo Chemical Industry);abcr GmbH;eMolecules;eNovation Chemicals",catalog_index_hit,2026-08-24T12:21:43.656288+00:00,True,True,zinc-instock-mini,False,0,https://www.emolecules.com/search/?q=Cc1c%28C%29c%28CO%29c%28C%29c%28C%29c1CO&t=1,2,multiple_catalog_signals,required,blocked_pending_quote_sds_and_local_approval,blocked,direct_manufacturer_or_catalog_identity_not_verified,model_training_and_quantum_reference
chemical_551a139d1b44a292,chain_extender,complete,7,OC12CC3CC(C1)CC(O)(C3)C2,ready,MOLCWHCSXCKHAP-UHFFFAOYSA-N,C10H16O2,168.236,completed,573829.0,94,74.0,"001Chemical;10X CHEM;A2B Chem;AA BLOCKS;AKos Consulting & Solutions;AbaChemScene;Accel Scientific;Accela ChemBio Inc.;Acmec Biochemical;Activate Scientific;AgroIntelBioScan.com;AiFChem, an XtalPi Company;Aladdin Scientific;Alfa Chemistry;Alinda Chemical Trade Company Ltd;Allbio Pharm Co., Ltd;Ambeed;Ambinter;Angene Chemical;AppChem;AstaTech, Inc.;BLD Pharm;BOC Sciences;BenchChem;Biosynth;CAPOT;CATO Research Chemicals Inc.;Chem-Space.com Database;ChemDiv;ChemFish Tokyo Co., Ltd.;ChemShuttle;Chemenu Inc.;ChemoSapiens;Clinivex;Combi-Blocks;Cooke Chemical Co., Ltd;CymitQuimica;Enamine;Finetech Industry Limited;Fluorochem;Hairui Chemical;Hunan Chemfish Pharmaceutical Co., Ltd.;INTERBIOSCREEN;Innovapharm;J&H Chemical Co.,ltd;Key Organics/BIONET;LGC Standards;Matrix Scientific;MolCore;Molport;MuseChem;Oakwood Products;PharmaBlock;Protheragen;Quality Control Solutions (QCS Standards);RR Scientific;Shandong Benrite New Chemical Materials Co.,Ltd;Sigma-Aldrich;Sinfoo Biotech;Smolecule;Starshine Chemical;SynHet - Synthetic Heterocycles;Synthonix, Inc.;TCI (Tokyo Chemical Industry);Thoreauchem;TimTec;Veeprho;Vitas-M Laboratory;VladaChem;Win-Win Chemical;Yuhao Chemical;abcr GmbH;eMolecules;eNovation Chemicals",catalog_index_hit,2026-08-24T12:21:48.274241+00:00,True,True,zinc-instock-mini,False,0,https://www.emolecules.com/search/?q=OC12CC3CC%28C1%29CC%28O%29%28C3%29C2&t=1,2,multiple_catalog_signals,required,blocked_pending_quote_sds_and_local_approval,blocked,direct_manufacturer_or_catalog_identity_not_verified,model_training_and_quantum_reference
chemical_5be20976c2a9d662,chain_extender,complete,8,Oc1c(F)c(F)c(O)c(F)c1F,ready,ZSDAMBJDFDRLSS-UHFFFAOYSA-N,C6H2F4O2,182.07199999999997,completed,69870.0,64,56.0,"10X CHEM;A2B Chem;AA BLOCKS;AChemBlock;AKos Consulting & Solutions;Accel Scientific;Accela ChemBio Inc.;AiFChem, an XtalPi Company;Aladdin Scientific;Alfa Chemistry;Ambeed;Amfluoro;Angene Chemical;AppChem;AstaTech, Inc.;BLD Pharm;BOC Sciences;BenchChem;Chem-Space.com Database;ChemFish Tokyo Co., Ltd.;Chemenu Inc.;ChemoSapiens;Combi-Blocks;Cooke Chemical Co., Ltd;CymitQuimica;DSL Chemicals;Debye Scientific Co., Ltd;DempoChem;Finetech Industry Limited;Fluorochem;Hairui Chemical;Hunan Chemfish Pharmaceutical Co., Ltd.;Innovapharm;J&H Chemical Co.,ltd;Key Organics/BIONET;Matrix Scientific;Mcule;Molport;MuseChem;Oakwood Products;RR Scientific;Sigma-Aldrich;Smolecule;Starshine Chemical;SynHet - Synthetic Heterocycles;SynQuest Laboratories;TCI (Tokyo Chemical Industry);Thermo Fisher Scientific;Thoreauchem;TimTec;VladaChem;Win-Win Chemical;Yuhao Chemical;abcr GmbH;eMolecules;eNovation Chemicals",catalog_index_hit,2026-08-24T12:21:53.722275+00:00,True,True,zinc-instock-mini,False,0,https://www.emolecules.com/search/?q=Oc1c%28F%29c%28F%29c%28O%29c%28F%29c1F&t=1,2,multiple_catalog_signals,required,blocked_pending_quote_sds_and_local_approval,blocked,direct_manufacturer_or_catalog_identity_not_verified,model_training_and_quantum_reference
chemical_63c6eb608324eca7,chain_extender,complete,9,OCC1CC2C3CC(CO)C(C3)C2C1,ready,ZFZDWMXUMXACHS-UHFFFAOYSA-N,C12H20O2,196.29,completed,98091.0,23,22.0,001Chemical;A2B Chem;AA BLOCKS;AbaChemScene;Alfa Chemistry;Ambinter;Angene Chemical;BLD Pharm;BOC Sciences;BenchChem;Biosynth;CATO Research Chemicals Inc.;ChemShuttle;Chemenu Inc.;ChemoSapiens;CymitQuimica;Finetech Industry Limited;Hairui Chemical;MolCore;RR Scientific;Smolecule;Starshine Chemical,catalog_index_hit,2026-08-24T12:21:59.514601+00:00,True,False,zinc-instock-mini,False,0,https://www.emolecules.com/search/?q=OCC1CC2C3CC%28CO%29C%28C3%29C2C1&t=1,1,single_catalog_signal,required,blocked_pending_quote_sds_and_local_approval,blocked,direct_manufacturer_or_catalog_identity_not_verified,model_training_and_quantum_reference
chemical_6ee30a16c1c450ed,chain_extender,complete,10,OC1CCCCC1O,ready,PFURGBBHAOXLIO-UHFFFAOYSA-N,C6H12O2,116.15999999999998,completed,13601.0,106,64.0,"001Chemical;10X CHEM;A2B Chem;AA BLOCKS;AKos Consulting & Solutions;AbaChemScene;Accel Scientific;Accela ChemBio Inc.;Acmec Biochemical;Activate Scientific;AgroIntelBioScan.com;AiFChem, an XtalPi Company;Aladdin Scientific;Alfa Chemistry;Ambeed;Angene Chemical;AppChem;AstaTech, Inc.;BLD Pharm;BOC Sciences;BenchChem;Biorbyt;CAPOT;CATO Research Chemicals Inc.;Chem-Space.com Database;ChemFish Tokyo Co., Ltd.;Chemenu Inc.;ChemoSapiens;Combi-Blocks;Cooke Chemical Co., Ltd;CymitQuimica;Debye Scientific Co., Ltd;Enamine;EvitaChem;Finetech Industry Limited;Fluorochem;Hairui Chemical;Hunan Chemfish Pharmaceutical Co., Ltd.;INTERBIOSCREEN;J&H Chemical Co.,ltd;Key Organics/BIONET;Matrix Scientific;Mcule;MolCore;Molport;MuseChem;Oakwood Products;RR Scientific;Sinfoo Biotech;Smolecule;Starshine Chemical;SynHet - Synthetic Heterocycles;Synblock Inc;TCI (Tokyo Chemical Industry);TargetMol;Thermo Fisher Scientific;Thoreauchem;TimTec;Vitas-M Laboratory;VladaChem;Yuhao Chemical;abcr GmbH;eMolecules;eNovation Chemicals",catalog_index_hit,2026-08-24T12:22:02.392107+00:00,True,False,zinc-instock-mini,False,0,https://www.emolecules.com/search/?q=OC1CCCCC1O&t=1,1,single_catalog_signal,required,blocked_pending_quote_sds_and_local_approval,blocked,direct_manufacturer_or_catalog_identity_not_verified,model_training_and_quantum_reference
chemical_706c38f2fda91d2c,chain_extender,complete,11,CCC(C)(c1ccc(O)cc1)c1ccc(O)cc1,ready,HTVITOHKHWFJKO-UHFFFAOYSA-N,C16H18O2,242.31799999999998,completed,66166.0,79,63.0,"001Chemical;10X CHEM;A2B Chem;AA BLOCKS;AKos Consulting & Solutions;AbMole Bioscience;AbaChemScene;Accel Scientific;Accela ChemBio Inc.;Achemtek;Acmec Biochemical;AgroIntelBioScan.com;AiFChem, an XtalPi Company;Aladdin Scientific;Alfa Chemistry;Alinda Chemical Trade Company Ltd;Ambeed;Angene Chemical;AppChem;AstaTech, Inc.;BLD Pharm;BOC Sciences;BenchChem;Biorbyt;CAPOT;CATO Research Chemicals Inc.;Chem-Space.com Database;Chemenu Inc.;ChemoSapiens;Combi-Blocks;Cooke Chemical Co., Ltd;CymitQuimica;DC Chemicals;Debye Scientific Co., Ltd;Finetech Industry Limited;Fluorochem;Hairui Chemical;InvivoChem;J&H Chemical Co.,ltd;Key Organics/BIONET;LGC Standards;Matrix Scientific;Mcule;MedChemexpress MCE;MolCore;Molport;MuseChem;Oakwood Products;Pi Chemicals;Quality Control Solutions (QCS Standards);RR Scientific;Sigma-Aldrich;Sinfoo Biotech;Smolecule;Starshine Chemical;SynHet - Synthetic Heterocycles;TCI (Tokyo Chemical Industry);TargetMol;Thoreauchem;Yuhao Chemical;abcr GmbH;eMolecules;eNovation Chemicals",catalog_index_hit,2026-08-24T12:22:07.782534+00:00,True,True,zinc-instock-mini,False,0,https://www.emolecules.com/search/?q=CCC%28C%29%28c1ccc%28O%29cc1%29c1ccc%28O%29cc1&t=1,2,multiple_catalog_signals,required,blocked_pending_quote_sds_and_local_approval,blocked,direct_manufacturer_or_catalog_identity_not_verified,model_training_and_quantum_reference
chemical_72b7ed7d3d268fd7,chain_extender,complete,12,CC(C)CC(CO)(CO)CC(C)C,ready,PTRCHMOHGGDNIJ-UHFFFAOYSA-N,C11H24O2,188.31099999999998,completed,3985625.0,37,35.0,"10X CHEM;A2B Chem;AA BLOCKS;AKos Consulting & Solutions;AbaChemScene;Accel Scientific;Accela ChemBio Inc.;Activate Scientific;Alfa Chemistry;Angene Chemical;AppChem;AstaTech, Inc.;BLD Pharm;BOC Sciences;BenchChem;CATO Research Chemicals Inc.;Chem-Space.com Database;ChemDiv;ChemoSapiens;Combi-Blocks;Cooke Chemical Co., Ltd;CymitQuimica;Finetech Industry Limited;Fluorochem;J&H Chemical Co.,ltd;Mcule;Molport;MuseChem;RR Scientific;Smolecule;Starshine Chemical;TCI (Tokyo Chemical Industry);abcr GmbH;eMolecules;eNovation Chemicals",catalog_index_hit,2026-08-24T12:22:10.384040+00:00,True,True,zinc-instock-mini,False,0,https://www.emolecules.com/search/?q=CC%28C%29CC%28CO%29%28CO%29CC%28C%29C&t=1,2,multiple_catalog_signals,required,blocked_pending_quote_sds_and_local_approval,blocked,direct_manufacturer_or_catalog_identity_not_verified,model_training_and_quantum_reference
chemical_75fb481cd45cc100,chain_extender,complete,13,CCCCC(CC)(CO)CO,ready,DSKYSDCYIODJPC-UHFFFAOYSA-N,C9H20O2,160.257,completed,61038.0,52,48.0,"10X CHEM;1st Scientific;A2B Chem;AA BLOCKS;AKos Consulting & Solutions;AbaChemScene;Accel Scientific;Accela ChemBio Inc.;AiFChem, an XtalPi Company;Aladdin Scientific;Alfa Chemistry;Ambeed;Angene Chemical;AppChem;AstaTech, Inc.;BLD Pharm;BOC Sciences;BenchChem;Biorbyt;CATO Research Chemicals Inc.;Chem-Space.com Database;ChemoSapiens;Combi-Blocks;Cooke Chemical Co., Ltd;CymitQuimica;Finetech Industry Limited;Fluorochem;Frinton Laboratories;Hairui Chemical;Innovapharm;J&H Chemical Co.,ltd;Key Organics/BIONET;Life Chemicals;Matrix Scientific;Mcule;Molport;MuseChem;Oakwood Products;RR Scientific;Sigma-Aldrich;Sinfoo Biotech;Smolecule;Starshine Chemical;SynHet - Synthetic Heterocycles;TCI (Tokyo Chemical Industry);abcr GmbH;eMolecules;eNovation Chemicals",catalog_index_hit,2026-08-24T12:22:13.357028+00:00,True,True,zinc-instock-mini,False,0,https://www.emolecules.com/search/?q=CCCCC%28CC%29%28CO%29CO&t=1,2,multiple_catalog_signals,required,blocked_pending_quote_sds_and_local_approval,blocked,direct_manufacturer_or_catalog_identity_not_verified,model_training_and_quantum_reference
chemical_79b196ca779aae4e,chain_extender,complete,14,OCc1ccccc1CO,ready,XMUZQOKACOLCSS-UHFFFAOYSA-N,C8H10O2,138.166,completed,69153.0,80,63.0,"001Chemical;10X CHEM;A2B Chem;AA BLOCKS;AChemBlock;AKos Consulting & Solutions;AbaChemScene;Accel Scientific;Accela ChemBio Inc.;Acmec Biochemical;Activate Scientific;AiFChem, an XtalPi Company;Aladdin Scientific;Alfa Chemistry;Allbio Pharm Co., Ltd;Ambeed;Angene Chemical;AppChem;AstaTech, Inc.;BLD Pharm;BOC Sciences;BenchChem;CAPOT;Chem-Space.com Database;Chemenu Inc.;ChemoSapiens;Combi-Blocks;Cooke Chemical Co., Ltd;CymitQuimica;DSL Chemicals;Finetech Industry Limited;Fluorochem;Georganics;Hairui Chemical;Halochem;Hangzhou APIChem Technology;J&H Chemical Co.,ltd;Key Organics/BIONET;Matrix Scientific;Mcule;MolCore;Molport;MuseChem;Oakwood Products;Pi Chemicals;RR Scientific;Rare Chemicals GmbH, Germany;Sigma-Aldrich;Sinfoo Biotech;Smolecule;Starshine Chemical;SynHet - Synthetic Heterocycles;Synthonix, Inc.;TCI (Tokyo Chemical Industry);Thermo Fisher Scientific;Thoreauchem;TimTec;VladaChem;Win-Win Chemical;Yuhao Chemical;abcr GmbH;eMolecules;eNovation Chemicals",catalog_index_hit,2026-08-24T12:22:16.719693+00:00,True,True,zinc-instock-mini,False,0,https://www.emolecules.com/search/?q=OCc1ccccc1CO&t=1,2,multiple_catalog_signals,required,blocked_pending_quote_sds_and_local_approval,blocked,direct_manufacturer_or_catalog_identity_not_verified,model_training_and_quantum_reference
chemical_7eec20377145fdb7,chain_extender,complete,15,CC1(C)C(O)C(C)(C)C1O,ready,FQXGHZNSUOHCLO-UHFFFAOYSA-N,C8H16O2,144.214,completed,76382.0,87,61.0,"001Chemical;10X CHEM;1st Scientific;A2B Chem;AA BLOCKS;AKos Consulting & Solutions;AbaChemScene;Accel Scientific;Activate Scientific;AiFChem, an XtalPi Company;Aladdin Scientific;Alfa Chemistry;Ambeed;Ambinter;Angene Chemical;AppChem;AstaTech, Inc.;BLD Pharm;BOC Sciences;BenchChem;Biosynth;CAPOT;CATO Research Chemicals Inc.;Chem-Space.com Database;ChemShuttle;Chemenu Inc.;ChemoSapiens;Combi-Blocks;Cooke Chemical Co., Ltd;CymitQuimica;DSL Chemicals;Enamine;EvitaChem;Finetech Industry Limited;Fluorochem;Frinton Laboratories;Hairui Chemical;Key Organics/BIONET;LGC Standards;Matrix Scientific;Mcule;MolCore;Molport;MuseChem;Oakwood Products;PharmaBlock;Pi Chemicals;RR Scientific;Sigma-Aldrich;Sinfoo Biotech;Smolecule;Starshine Chemical;SynHet - Synthetic Heterocycles;Synthonix, Inc.;TCI (Tokyo Chemical Industry);TimTec;VladaChem;Win-Win Chemical;abcr GmbH;eMolecules;eNovation Chemicals",catalog_index_hit,2026-08-24T12:22:20.278850+00:00,True,True,zinc-instock-mini,False,0,https://www.emolecules.com/search/?q=CC1%28C%29C%28O%29C%28C%29%28C%29C1O&t=1,2,multiple_catalog_signals,required,blocked_pending_quote_sds_and_local_approval,blocked,direct_manufacturer_or_catalog_identity_not_verified,model_training_and_quantum_reference
chemical_831d24f7368b3f75,chain_extender,complete,16,Cc1cc(-c2cc(C)c(O)c(C)c2)cc(C)c1O,ready,YGYPMFPGZQPETF-UHFFFAOYSA-N,C16H18O2,242.31799999999998,completed,75490.0,60,54.0,"001Chemical;10X CHEM;A2B Chem;AA BLOCKS;AKos Consulting & Solutions;AbaChemScene;Accel Scientific;Accela ChemBio Inc.;AiFChem, an XtalPi Company;Aladdin Scientific;Alfa Chemistry;Ambeed;Angene Chemical;AppChem;AstaTech, Inc.;BLD Pharm;BOC Sciences;BenchChem;CATO Research Chemicals Inc.;Chem-Space.com Database;Chemenu Inc.;ChemoSapiens;Combi-Blocks;CymitQuimica;DSL Chemicals;Debye Scientific Co., Ltd;Enamine;Finetech Industry Limited;Fluorochem;Glentham Life Sciences Ltd.;Hairui Chemical;Hangzhou APIChem Technology;J&H Chemical Co.,ltd;LGC Standards;Mcule;MolCore;Molport;MuseChem;Oakwood Products;RR Scientific;Sigma-Aldrich;Sinfoo Biotech;Smolecule;Starshine Chemical;SynHet - Synthetic Heterocycles;Synthonix, Inc.;TCI (Tokyo Chemical Industry);Thoreauchem;TimTec;Win-Win Chemical;Yuhao Chemical;abcr GmbH;eMolecules;eNovation Chemicals",catalog_index_hit,2026-08-24T12:22:23.167247+00:00,True,True,zinc-instock-mini,False,0,https://www.emolecules.com/search/?q=Cc1cc%28-c2cc%28C%29c%28O%29c%28C%29c2%29cc%28C%29c1O&t=1,2,multiple_catalog_signals,required,blocked_pending_quote_sds_and_local_approval,blocked,direct_manufacturer_or_catalog_identity_not_verified,model_training_and_quantum_reference
chemical_bacbda6c95c1bb67,chain_extender,complete,17,Cc1ccc(O)c(Cc2cc(C)ccc2O)c1,ready,XZXYQEHISUMZAT-UHFFFAOYSA-N,C15H16O2,228.29100000000003,completed,76715.0,50,44.0,"001Chemical;10X CHEM;A2B Chem;AA BLOCKS;AKos Consulting & Solutions;AbaChemScene;Accel Scientific;Aladdin Scientific;Alfa Chemistry;Angel Pharmatech Ltd.;Angene Chemical;AppChem;AstaTech, Inc.;BLD Pharm;BOC Sciences;BenchChem;CATO Research Chemicals Inc.;Chem-Space.com Database;ChemoSapiens;Combi-Blocks;Cooke Chemical Co., Ltd;CymitQuimica;Debye Scientific Co., Ltd;DempoChem;Finetech Industry Limited;Fluorochem;Hairui Chemical;J&H Chemical Co.,ltd;Key Organics/BIONET;LGC Standards;Mcule;MolCore;Molport;MuseChem;RR Scientific;Sigma-Aldrich;Smolecule;Starshine Chemical;SynHet - Synthetic Heterocycles;TCI (Tokyo Chemical Industry);Win-Win Chemical;abcr GmbH;eMolecules;eNovation Chemicals",catalog_index_hit,2026-08-24T12:22:27.603383+00:00,True,False,zinc-instock-mini,False,0,https://www.emolecules.com/search/?q=Cc1ccc%28O%29c%28Cc2cc%28C%29ccc2O%29c1&t=1,1,single_catalog_signal,required,blocked_pending_quote_sds_and_local_approval,blocked,direct_manufacturer_or_catalog_identity_not_verified,model_training_and_quantum_reference
chemical_c68025b85cef6d56,chain_extender,complete,18,OCC(CO)OCc1ccccc1,ready,UDIPIOHLDFSMLR-UHFFFAOYSA-N,C10H14O3,182.21900000000002,completed,203567.0,62,55.0,"001Chemical;10X CHEM;1st Scientific;A2B Chem;AA BLOCKS;AChemBlock;AKos Consulting & Solutions;AbaChemScene;Accel Scientific;Accela ChemBio Inc.;Acmec Biochemical;Activate Scientific;AiFChem, an XtalPi Company;Aladdin Scientific;Alfa Chemistry;Ambeed;Angel Pharmatech Ltd.;Angene Chemical;AppChem;AstaTech, Inc.;BLD Pharm;BOC Sciences;BenchChem;CAPOT;Chem-Space.com Database;ChemShuttle;Chemenu Inc.;ChemoSapiens;Combi-Blocks;Cooke Chemical Co., Ltd;CymitQuimica;DSL Chemicals;Debye Scientific Co., Ltd;Finetech Industry Limited;Fluorochem;Hairui Chemical;Key Organics/BIONET;LGC Standards;Mcule;MolCore;Molport;MuseChem;Pi Chemicals;RR Scientific;Sigma-Aldrich;Sinfoo Biotech;Smolecule;Starshine Chemical;SynHet - Synthetic Heterocycles;TCI (Tokyo Chemical Industry);Thoreauchem;Yuhao Chemical;abcr GmbH;eMolecules;eNovation Chemicals",catalog_index_hit,2026-08-24T12:22:31.545984+00:00,True,True,zinc-instock-mini,False,0,https://www.emolecules.com/search/?q=OCC%28CO%29OCc1ccccc1&t=1,2,multiple_catalog_signals,required,blocked_pending_quote_sds_and_local_approval,blocked,direct_manufacturer_or_catalog_identity_not_verified,model_training_and_quantum_reference
chemical_ca5e105838153c99,chain_extender,complete,19,CCC(CO)CC(CC)CO,ready,OJRJDENLRJHEJO-UHFFFAOYSA-N,C9H20O2,160.25699999999998,completed,11344163.0,40,37.0,"10X CHEM;A2B Chem;AA BLOCKS;AKos Consulting & Solutions;AbaChemScene;Aladdin Scientific;Alfa Chemistry;Ambinter;Angene Chemical;AppChem;BLD Pharm;BOC Sciences;BenchChem;CATO Research Chemicals Inc.;Chemenu Inc.;ChemoSapiens;Clearsynth;Combi-Blocks;Cooke Chemical Co., Ltd;CymitQuimica;Debye Scientific Co., Ltd;Finetech Industry Limited;Fluorochem;Frinton Laboratories;J&H Chemical Co.,ltd;Matrix Scientific;Mcule;Molport;RR Scientific;Sigma-Aldrich;Smolecule;Starshine Chemical;TCI (Tokyo Chemical Industry);TimTec;Win-Win Chemical;abcr GmbH;eMolecules",catalog_index_hit,2026-08-24T12:22:34.634702+00:00,True,False,zinc-instock-mini,False,0,https://www.emolecules.com/search/?q=CCC%28CO%29CC%28CC%29CO&t=1,1,single_catalog_signal,required,blocked_pending_quote_sds_and_local_approval,blocked,direct_manufacturer_or_catalog_identity_not_verified,model_training_and_quantum_reference
chemical_dd2ebb8c8aeed446,chain_extender,complete,20,Oc1ccc2c(O)cccc2c1,ready,FZZQNEVOYIYFPF-UHFFFAOYSA-N,C10H8O2,160.172,completed,68463.0,81,64.0,"001Chemical;10X CHEM;A2B Chem;AA BLOCKS;AKos Consulting & Solutions;AbaChemScene;Accel Scientific;Accela ChemBio Inc.;Acmec Biochemical;Activate Scientific;AgroIntelBioScan.com;AiFChem, an XtalPi Company;Aladdin Scientific;Alfa Chemistry;Allbio Pharm Co., Ltd;Ambeed;Angene Chemical;AppChem;AstaTech, Inc.;BLD Pharm;BOC Sciences;BenchChem;Biosynth;Chem-Space.com Database;ChemShuttle;Chemenu Inc.;ChemoSapiens;Clearsynth;Combi-Blocks;Cooke Chemical Co., Ltd;CymitQuimica;Enamine;Finetech Industry Limited;Fluorochem;Glentham Life Sciences Ltd.;Hairui Chemical;Hangzhou APIChem Technology;J&H Chemical Co.,ltd;Key Organics/BIONET;LGC Standards;Matrix Scientific;Mcule;MolCore;Molport;MuseChem;Oakwood Products;Pi Chemicals;RR Scientific;Sigma-Aldrich;Sinfoo Biotech;Smolecule;Starshine Chemical;SynHet - Synthetic Heterocycles;Synthonix, Inc.;TCI (Tokyo Chemical Industry);Thermo Fisher Scientific;Thoreauchem;TimTec;Vitas-M Laboratory;VladaChem;Yuhao Chemical;abcr GmbH;eMolecules;eNovation Chemicals",catalog_index_hit,2026-08-24T12:22:38.170759+00:00,True,False,zinc-instock-mini,False,0,https://www.emolecules.com/search/?q=Oc1ccc2c%28O%29cccc2c1&t=1,1,single_catalog_signal,required,blocked_pending_quote_sds_and_local_approval,blocked,direct_manufacturer_or_catalog_identity_not_verified,model_training_and_quantum_reference
chemical_f25ee56de4366915,chain_extender,complete,21,O=[N+]([O-])c1cc(CO)ccc1CO,ready,KWVHOBYJXDKIPL-UHFFFAOYSA-N,C8H9NO4,183.16299999999998,completed,90035.0,49,46.0,"001Chemical;10X CHEM;1st Scientific;A2B Chem;AA BLOCKS;AChemBlock;AKos Consulting & Solutions;AbaChemScene;Accel Scientific;Accela ChemBio Inc.;Acmec Biochemical;Activate Scientific;AiFChem, an XtalPi Company;Alfa Chemistry;Ambeed;Angel Pharmatech Ltd.;Angene Chemical;AppChem;AstaTech, Inc.;BLD Pharm;BOC Sciences;BenchChem;CATO Research Chemicals Inc.;Chem-Space.com Database;Chemenu Inc.;ChemoSapiens;Combi-Blocks;CymitQuimica;Debye Scientific Co., Ltd;Finetech Industry Limited;Fluorochem;Hairui Chemical;J&H Chemical Co.,ltd;Key Organics/BIONET;Mcule;MolCore;Molport;RR Scientific;Smolecule;Starshine Chemical;SynHet - Synthetic Heterocycles;Synthonix, Inc.;TCI (Tokyo Chemical Industry);abcr GmbH;eMolecules;eNovation Chemicals",catalog_index_hit,2026-08-24T12:22:41.306548+00:00,True,False,zinc-instock-mini,False,0,https://www.emolecules.com/search/?q=O%3D%5BN%2B%5D%28%5BO-%5D%29c1cc%28CO%29ccc1CO&t=1,1,single_catalog_signal,required,blocked_pending_quote_sds_and_local_approval,blocked,direct_manufacturer_or_catalog_identity_not_verified,model_training_and_quantum_reference
polyuniverse_dinco_016bfd4c165aa545a7db,diisocyanate,complete,22,Cc1c(CCCCCCN=C=O)cccc1N=C=O,ready,AQBZWWPUJZVSDF-UHFFFAOYSA-N,C15H18N2O2,258.321,pubchem_not_found,,0,,,,2026-08-24T12:22:42.936805+00:00,False,False,zinc-instock-mini,False,0,https://www.emolecules.com/search/?q=Cc1c%28CCCCCCN%3DC%3DO%29cccc1N%3DC%3DO&t=1,0,no_catalog_signal,required,blocked_pending_quote_sds_and_local_approval,blocked,direct_manufacturer_or_catalog_identity_not_verified,model_training_and_quantum_reference
polyuniverse_dinco_01a65934dd666174775c,diisocyanate,complete,23,O=C=NCCC1CC2CC1C1CCC(CCN=C=O)C21,ready,GYOVIEDQQVQZFJ-UHFFFAOYSA-N,C16H22N2O2,274.364,completed,132162284.0,0,0.0,,no_vendor_index_hit,2026-08-24T12:22:44.597159+00:00,False,False,zinc-instock-mini,False,0,https://www.emolecules.com/search/?q=O%3DC%3DNCCC1CC2CC1C1CCC%28CCN%3DC%3DO%29C21&t=1,0,no_catalog_signal,required,blocked_pending_quote_sds_and_local_approval,blocked,direct_manufacturer_or_catalog_identity_not_verified,model_training_and_quantum_reference
polyuniverse_dinco_01e918a682cd6d3022ac,diisocyanate,complete,24,N#COc1cc(-c2cc(N=C=O)oc2OC#N)c(N=C=O)o1,ready,CQTBOJWDDRQUSY-UHFFFAOYSA-N,C12H2N4O6,298.17,completed,134598930.0,0,0.0,,no_vendor_index_hit,2026-08-24T12:22:45.898876+00:00,False,False,zinc-instock-mini,False,0,https://www.emolecules.com/search/?q=N%23COc1cc%28-c2cc%28N%3DC%3DO%29oc2OC%23N%29c%28N%3DC%3DO%29o1&t=1,0,no_catalog_signal,required,blocked_pending_quote_sds_and_local_approval,blocked,direct_manufacturer_or_catalog_identity_not_verified,model_training_and_quantum_reference
polyuniverse_dinco_0321877a48fd93e2fb7d,diisocyanate,complete,25,CCC(N=C=O)OCC(C)(C)COC(CC)N=C=O,ready,PBKAUMPZEHAVFG-UHFFFAOYSA-N,C13H22N2O4,270.32899999999995,completed,88728491.0,0,0.0,,no_vendor_index_hit,2026-08-24T12:22:47.516276+00:00,False,False,zinc-instock-mini,False,0,https://www.emolecules.com/search/?q=CCC%28N%3DC%3DO%29OCC%28C%29%28C%29COC%28CC%29N%3DC%3DO&t=1,0,no_catalog_signal,required,blocked_pending_quote_sds_and_local_approval,blocked,direct_manufacturer_or_catalog_identity_not_verified,model_training_and_quantum_reference
polyuniverse_dinco_0499900e71bdb9da6b5c,diisocyanate,complete,26,CCCC(N=C=O)C1CC2CC(C(C)N=C=O)C1C2,ready,BKVBEZWHVNTKAF-UHFFFAOYSA-N,C15H22N2O2,262.353,completed,88109872.0,0,0.0,,no_vendor_index_hit,2026-08-24T12:22:48.937542+00:00,False,False,zinc-instock-mini,False,0,https://www.emolecules.com/search/?q=CCCC%28N%3DC%3DO%29C1CC2CC%28C%28C%29N%3DC%3DO%29C1C2&t=1,0,no_catalog_signal,required,blocked_pending_quote_sds_and_local_approval,blocked,direct_manufacturer_or_catalog_identity_not_verified,model_training_and_quantum_reference
polyuniverse_dinco_055819dc5371734047d1,diisocyanate,complete,27,N#COC1CCC(CC2CCC(N=C=O)C(CC3CCC(N=C=O)CC3)C2)CC1,ready,FEOOYMRMGWKERG-UHFFFAOYSA-N,C23H33N3O3,399.5350000000003,completed,145833307.0,0,0.0,,no_vendor_index_hit,2026-08-24T12:22:50.578908+00:00,False,False,zinc-instock-mini,False,0,https://www.emolecules.com/search/?q=N%23COC1CCC%28CC2CCC%28N%3DC%3DO%29C%28CC3CCC%28N%3DC%3DO%29CC3%29C2%29CC1&t=1,0,no_catalog_signal,required,blocked_pending_quote_sds_and_local_approval,blocked,direct_manufacturer_or_catalog_identity_not_verified,model_training_and_quantum_reference
polyuniverse_dinco_07a134f8e87f85791f77,diisocyanate,complete,28,O=C=NC1CCCC2C3CCC2C1(N=C=O)C3,ready,DOTXKVOYHDZDTH-UHFFFAOYSA-N,C13H16N2O2,232.28299999999996,completed,91420903.0,0,0.0,,no_vendor_index_hit,2026-08-24T12:22:51.870172+00:00,False,False,zinc-instock-mini,False,0,https://www.emolecules.com/search/?q=O%3DC%3DNC1CCCC2C3CCC2C1%28N%3DC%3DO%29C3&t=1,0,no_catalog_signal,required,blocked_pending_quote_sds_and_local_approval,blocked,direct_manufacturer_or_catalog_identity_not_verified,model_training_and_quantum_reference
polyuniverse_dinco_236875b2e3fa5e54ba5a,diisocyanate,complete,30,CCC(N=C=O)c1cc(C#N)cc(C(CC)N=C=O)c1,ready,ZATGENGJMZCTGT-UHFFFAOYSA-N,C15H15N3O2,269.304,completed,87775855.0,0,0.0,,no_vendor_index_hit,2026-08-24T12:22:53.494330+00:00,False,False,zinc-instock-mini,False,0,https://www.emolecules.com/search/?q=CCC%28N%3DC%3DO%29c1cc%28C%23N%29cc%28C%28CC%29N%3DC%3DO%29c1&t=1,0,no_catalog_signal,required,blocked_pending_quote_sds_and_local_approval,blocked,direct_manufacturer_or_catalog_identity_not_verified,model_training_and_quantum_reference
polyuniverse_dinco_24471fc1c458b69a01cd,diisocyanate,complete,31,O=C=NC1CC(N=C=O)C2CCCc3cccc1c32,ready,SNOFBSFKNYVIRI-UHFFFAOYSA-N,C15H14N2O2,254.28899999999996,completed,122673294.0,0,0.0,,no_vendor_index_hit,2026-08-24T12:22:54.745738+00:00,False,False,zinc-instock-mini,False,0,https://www.emolecules.com/search/?q=O%3DC%3DNC1CC%28N%3DC%3DO%29C2CCCc3cccc1c32&t=1,0,no_catalog_signal,required,blocked_pending_quote_sds_and_local_approval,blocked,direct_manufacturer_or_catalog_identity_not_verified,model_training_and_quantum_reference
polyuniverse_dinco_29fcbdd3c8cf8655b397,diisocyanate,complete,32,CCCCC(CC)(CCC)CC1(N=C=O)CCC(C)C(N=C=O)C1,ready,NPQOSBBYCDHWRY-UHFFFAOYSA-N,C20H34N2O2,334.5040000000001,completed,91248343.0,0,0.0,,no_vendor_index_hit,2026-08-24T12:22:56.376959+00:00,False,False,zinc-instock-mini,False,0,https://www.emolecules.com/search/?q=CCCCC%28CC%29%28CCC%29CC1%28N%3DC%3DO%29CCC%28C%29C%28N%3DC%3DO%29C1&t=1,0,no_catalog_signal,required,blocked_pending_quote_sds_and_local_approval,blocked,direct_manufacturer_or_catalog_identity_not_verified,model_training_and_quantum_reference
polyuniverse_dinco_2c849f9c85ebe823e4a4,diisocyanate,complete,33,C[C@@H]1C[C@@H]2C[C@H](C)[C@H]3CC[C@](C)(N=C=O)[C@H]4CC[C@@H]([C@@H]2[C@H]34)[C@]1(C)N=C=O,ready,GCFJKWAAIOYBLK-OXEUSEQRSA-N,C22H32N2O2,356.51000000000005,completed,11846921.0,0,0.0,,no_vendor_index_hit,2026-08-24T12:22:57.704480+00:00,False,False,zinc-instock-mini,False,0,https://www.emolecules.com/search/?q=C%5BC%40%40H%5D1C%5BC%40%40H%5D2C%5BC%40H%5D%28C%29%5BC%40H%5D3CC%5BC%40%5D%28C%29%28N%3DC%3DO%29%5BC%40H%5D4CC%5BC%40%40H%5D%28%5BC%40%40H%5D2%5BC%40H%5D34%29%5BC%40%5D1%28C%29N%3DC%3DO&t=1,0,no_catalog_signal,required,blocked_pending_quote_sds_and_local_approval,blocked,direct_manufacturer_or_catalog_identity_not_verified,model_training_and_quantum_reference
polyuniverse_dinco_36587639e34b8082240f,diisocyanate,complete,34,N#COCC12CC(CCCN=C=O)C(CC1CCN=C=O)C2,ready,RLPKVDDCWMJBTJ-UHFFFAOYSA-N,C16H21N3O3,303.362,completed,88634717.0,0,0.0,,no_vendor_index_hit,2026-08-24T12:22:58.989401+00:00,False,True,zinc-instock-mini,False,0,https://www.emolecules.com/search/?q=N%23COCC12CC%28CCCN%3DC%3DO%29C%28CC1CCN%3DC%3DO%29C2&t=1,1,single_catalog_signal,required,blocked_pending_quote_sds_and_local_approval,blocked,direct_manufacturer_or_catalog_identity_not_verified,model_training_and_quantum_reference
polyuniverse_dinco_4716b4743a5baa106de3,diisocyanate,complete,36,O=C=Nc1cc2cccc(N=C=O)c2nc1-c1cccc(OC(F)(F)F)c1,ready,MWIKJGPJDIAPMU-UHFFFAOYSA-N,C18H8F3N3O3,371.274,completed,141253268.0,0,0.0,,no_vendor_index_hit,2026-08-24T12:23:00.647960+00:00,False,False,zinc-instock-mini,False,0,https://www.emolecules.com/search/?q=O%3DC%3DNc1cc2cccc%28N%3DC%3DO%29c2nc1-c1cccc%28OC%28F%29%28F%29F%29c1&t=1,0,no_catalog_signal,required,blocked_pending_quote_sds_and_local_approval,blocked,direct_manufacturer_or_catalog_identity_not_verified,model_training_and_quantum_reference
polyuniverse_dinco_473f746a39152067a95e,diisocyanate,complete,37,O=C=Nc1ccc(OCC(F)(F)C(F)F)c(N=C=O)c1,ready,GLOUQEVKVAWGHK-UHFFFAOYSA-N,C11H6F4N2O3,290.17199999999997,completed,165345469.0,0,0.0,,no_vendor_index_hit,2026-08-24T12:23:02.662055+00:00,False,False,zinc-instock-mini,False,0,https://www.emolecules.com/search/?q=O%3DC%3DNc1ccc%28OCC%28F%29%28F%29C%28F%29F%29c%28N%3DC%3DO%29c1&t=1,0,no_catalog_signal,required,blocked_pending_quote_sds_and_local_approval,blocked,direct_manufacturer_or_catalog_identity_not_verified,model_training_and_quantum_reference
polyuniverse_dinco_4bd62448d543828bc87c,diisocyanate,complete,38,CC(C)CC(CC(C)C)(CC(CC(C)C)(CC(C)C)N=C=O)N=C=O,ready,HCHBQJPSLDTRCH-UHFFFAOYSA-N,C21H38N2O2,350.5470000000001,completed,20528039.0,0,0.0,,no_vendor_index_hit,2026-08-24T12:23:04.291940+00:00,False,False,zinc-instock-mini,False,0,https://www.emolecules.com/search/?q=CC%28C%29CC%28CC%28C%29C%29%28CC%28CC%28C%29C%29%28CC%28C%29C%29N%3DC%3DO%29N%3DC%3DO&t=1,0,no_catalog_signal,required,blocked_pending_quote_sds_and_local_approval,blocked,direct_manufacturer_or_catalog_identity_not_verified,model_training_and_quantum_reference
polyuniverse_dinco_569c13453ff070989050,diisocyanate,complete,39,[C-]#[N+]c1cc2c(N=C=O)c(C#N)c(C#N)cc2c(N=C=O)c1[N+]#[C-],ready,JJHOTQRNINWPFI-UHFFFAOYSA-N,C16H2N6O2,310.2320000000001,completed,88853139.0,0,0.0,,no_vendor_index_hit,2026-08-24T12:23:05.943794+00:00,False,False,zinc-instock-mini,False,0,https://www.emolecules.com/search/?q=%5BC-%5D%23%5BN%2B%5Dc1cc2c%28N%3DC%3DO%29c%28C%23N%29c%28C%23N%29cc2c%28N%3DC%3DO%29c1%5BN%2B%5D%23%5BC-%5D&t=1,0,no_catalog_signal,required,blocked_pending_quote_sds_and_local_approval,blocked,direct_manufacturer_or_catalog_identity_not_verified,model_training_and_quantum_reference
polyuniverse_dinco_57af23a42ae72d943289,diisocyanate,complete,40,CCC1C2(N=C=O)CC3CC(C2)CC1(C12CC4CC(CC(N=C=O)(C4)C1)C2)C3,ready,IEOKUHKEIODJSI-UHFFFAOYSA-N,C24H32N2O2,380.5320000000002,completed,53912231.0,0,0.0,,no_vendor_index_hit,2026-08-24T12:23:07.728285+00:00,False,False,zinc-instock-mini,False,0,https://www.emolecules.com/search/?q=CCC1C2%28N%3DC%3DO%29CC3CC%28C2%29CC1%28C12CC4CC%28CC%28N%3DC%3DO%29%28C4%29C1%29C2%29C3&t=1,0,no_catalog_signal,required,blocked_pending_quote_sds_and_local_approval,blocked,direct_manufacturer_or_catalog_identity_not_verified,model_training_and_quantum_reference
polyuniverse_dinco_61e84547e1c5aa376ad9,diisocyanate,complete,41,O=C=NCC12CC(C3CCCC31)C1C3CCC(C3)C12CN=C=O,ready,FIPUEZTVJQSZNG-UHFFFAOYSA-N,C19H24N2O2,312.41300000000007,completed,140268024.0,0,0.0,,no_vendor_index_hit,2026-08-24T12:23:09.416229+00:00,False,False,zinc-instock-mini,False,0,https://www.emolecules.com/search/?q=O%3DC%3DNCC12CC%28C3CCCC31%29C1C3CCC%28C3%29C12CN%3DC%3DO&t=1,0,no_catalog_signal,required,blocked_pending_quote_sds_and_local_approval,blocked,direct_manufacturer_or_catalog_identity_not_verified,model_training_and_quantum_reference
polyuniverse_dinco_629ef888e16fc71a3a21,diisocyanate,complete,42,CC(CN=C=O)CO[C@@H]1COC2C1OCC2(C)OCC(C)CN=C=O,ready,ADQVRTRXYKMUMU-GSVLIZDISA-N,C17H26N2O6,354.40300000000013,pubchem_not_found,,0,,,,2026-08-24T12:23:11.472973+00:00,False,False,zinc-instock-mini,False,0,https://www.emolecules.com/search/?q=CC%28CN%3DC%3DO%29CO%5BC%40%40H%5D1COC2C1OCC2%28C%29OCC%28C%29CN%3DC%3DO&t=1,0,no_catalog_signal,required,blocked_pending_quote_sds_and_local_approval,blocked,direct_manufacturer_or_catalog_identity_not_verified,model_training_and_quantum_reference
polyuniverse_dinco_72c91e88a4c33aabb96c,diisocyanate,complete,43,O=C=Nc1no[n+]([O-])c1N=C=O,ready,FXVBTYHTDXKESV-UHFFFAOYSA-N,C4N4O4,168.06799999999998,completed,44475498.0,0,0.0,,no_vendor_index_hit,2026-08-24T12:23:13.533447+00:00,False,False,zinc-instock-mini,False,0,https://www.emolecules.com/search/?q=O%3DC%3DNc1no%5Bn%2B%5D%28%5BO-%5D%29c1N%3DC%3DO&t=1,0,no_catalog_signal,required,blocked_pending_quote_sds_and_local_approval,blocked,direct_manufacturer_or_catalog_identity_not_verified,model_training_and_quantum_reference
polyuniverse_dinco_7416e04e1592ed966a70,diisocyanate,complete,44,O=C=NCC1COC(CN=C=O)O1,ready,MKSPYHPPTIAHPA-UHFFFAOYSA-N,C7H8N2O4,184.15099999999995,completed,118136984.0,0,0.0,,no_vendor_index_hit,2026-08-24T12:23:15.273735+00:00,False,False,zinc-instock-mini,False,0,https://www.emolecules.com/search/?q=O%3DC%3DNCC1COC%28CN%3DC%3DO%29O1&t=1,0,no_catalog_signal,required,blocked_pending_quote_sds_and_local_approval,blocked,direct_manufacturer_or_catalog_identity_not_verified,model_training_and_quantum_reference
polyuniverse_dinco_7988a8eeb838489f4eaf,diisocyanate,complete,45,O=C=NCCCCC(COc1ccc(Oc2ccccc2)cc1)N=C=O,ready,XGABPTZIPWEXFU-UHFFFAOYSA-N,C20H20N2O4,352.39000000000004,completed,146367291.0,0,0.0,,no_vendor_index_hit,2026-08-24T12:23:16.569852+00:00,False,False,zinc-instock-mini,False,0,https://www.emolecules.com/search/?q=O%3DC%3DNCCCCC%28COc1ccc%28Oc2ccccc2%29cc1%29N%3DC%3DO&t=1,0,no_catalog_signal,required,blocked_pending_quote_sds_and_local_approval,blocked,direct_manufacturer_or_catalog_identity_not_verified,model_training_and_quantum_reference
polyuniverse_dinco_7ae84879e7df0d84fdfa,diisocyanate,complete,46,O=C=NC1(F)C(F)(F)C(F)(F)C(F)(F)C(F)(F)C1(F)N=C=O,ready,YFIMQCZKZYWSRV-UHFFFAOYSA-N,C8F10N2O2,346.08000000000004,completed,87320113.0,0,0.0,,no_vendor_index_hit,2026-08-24T12:23:19.629981+00:00,False,True,zinc-instock-mini,False,0,https://www.emolecules.com/search/?q=O%3DC%3DNC1%28F%29C%28F%29%28F%29C%28F%29%28F%29C%28F%29%28F%29C%28F%29%28F%29C1%28F%29N%3DC%3DO&t=1,1,single_catalog_signal,required,blocked_pending_quote_sds_and_local_approval,blocked,direct_manufacturer_or_catalog_identity_not_verified,model_training_and_quantum_reference
polyuniverse_dinco_7bf0d3c1efc36d46299a,diisocyanate,complete,47,O=C=NCCCC(CN=C=O)CC12CCC(CC1)C2,ready,YNLAAGYCVKQQER-UHFFFAOYSA-N,C15H22N2O2,262.35299999999995,completed,88109317.0,0,0.0,,no_vendor_index_hit,2026-08-24T12:23:21.371855+00:00,False,False,zinc-instock-mini,False,0,https://www.emolecules.com/search/?q=O%3DC%3DNCCCC%28CN%3DC%3DO%29CC12CCC%28CC1%29C2&t=1,0,no_catalog_signal,required,blocked_pending_quote_sds_and_local_approval,blocked,direct_manufacturer_or_catalog_identity_not_verified,model_training_and_quantum_reference
polyuniverse_dinco_7df67f418ef75f339395,diisocyanate,complete,48,CC1CC(N=C=O)C(N=C=O)(C(C)C)C(c2ccccc2)(c2ccccc2)C1,ready,WLLHIWAWHUVQSU-UHFFFAOYSA-N,C24H26N2O2,374.4840000000001,completed,19063447.0,0,0.0,,no_vendor_index_hit,2026-08-24T12:23:23.086971+00:00,False,False,zinc-instock-mini,False,0,https://www.emolecules.com/search/?q=CC1CC%28N%3DC%3DO%29C%28N%3DC%3DO%29%28C%28C%29C%29C%28c2ccccc2%29%28c2ccccc2%29C1&t=1,0,no_catalog_signal,required,blocked_pending_quote_sds_and_local_approval,blocked,direct_manufacturer_or_catalog_identity_not_verified,model_training_and_quantum_reference
polyuniverse_dinco_81e1e90ea24f1e711a99,diisocyanate,complete,49,CC(N=C=O)C1(C)CC(N=C=O)CC(C)(C)C1,ready,RAYNQLLMIDNDBH-UHFFFAOYSA-N,C13H20N2O2,236.31499999999994,completed,22599085.0,0,0.0,,no_vendor_index_hit,2026-08-24T12:23:24.793684+00:00,False,False,zinc-instock-mini,False,0,https://www.emolecules.com/search/?q=CC%28N%3DC%3DO%29C1%28C%29CC%28N%3DC%3DO%29CC%28C%29%28C%29C1&t=1,0,no_catalog_signal,required,blocked_pending_quote_sds_and_local_approval,blocked,direct_manufacturer_or_catalog_identity_not_verified,model_training_and_quantum_reference
polyuniverse_dinco_85368c1d86f60fbe6dfa,diisocyanate,complete,50,O=C=NCC1CCC(CN=C=O)(CC2CCCCC2)CC1CC1CCCCC1,ready,USJLEHYFSIIQRI-UHFFFAOYSA-N,C24H38N2O2,386.58000000000027,completed,88176357.0,0,0.0,,no_vendor_index_hit,2026-08-24T12:23:26.994010+00:00,False,False,zinc-instock-mini,False,0,https://www.emolecules.com/search/?q=O%3DC%3DNCC1CCC%28CN%3DC%3DO%29%28CC2CCCCC2%29CC1CC1CCCCC1&t=1,0,no_catalog_signal,required,blocked_pending_quote_sds_and_local_approval,blocked,direct_manufacturer_or_catalog_identity_not_verified,model_training_and_quantum_reference
polyuniverse_dinco_8ec7a31c579192711514,diisocyanate,complete,51,CC1CCC2C(C1)C(N=C=O)C1C3CCC(C3)C1C2N=C=O,ready,YLKQSQOTDQMQDM-UHFFFAOYSA-N,C18H24N2O2,300.402,pubchem_not_found,,0,,,,2026-08-24T12:23:28.637929+00:00,False,False,zinc-instock-mini,False,0,https://www.emolecules.com/search/?q=CC1CCC2C%28C1%29C%28N%3DC%3DO%29C1C3CCC%28C3%29C1C2N%3DC%3DO&t=1,0,no_catalog_signal,required,blocked_pending_quote_sds_and_local_approval,blocked,direct_manufacturer_or_catalog_identity_not_verified,model_training_and_quantum_reference
polyuniverse_dinco_952c8476d31239835550,diisocyanate,complete,52,O=C=NCC1(CN=C=O)CCCC(F)(F)C1(F)F,ready,NRYRLDNPAIDTME-UHFFFAOYSA-N,C10H10F4N2O2,266.1939999999999,completed,87981760.0,0,0.0,,no_vendor_index_hit,2026-08-24T12:23:30.565431+00:00,False,False,zinc-instock-mini,False,0,https://www.emolecules.com/search/?q=O%3DC%3DNCC1%28CN%3DC%3DO%29CCCC%28F%29%28F%29C1%28F%29F&t=1,0,no_catalog_signal,required,blocked_pending_quote_sds_and_local_approval,blocked,direct_manufacturer_or_catalog_identity_not_verified,model_training_and_quantum_reference
polyuniverse_dinco_9a439aa6493516a05f38,diisocyanate,complete,53,Cc1ccc(C(C)N=C=O)c(C(C)N=C=O)c1C,ready,NNLSVCLHYHAIQD-UHFFFAOYSA-N,C14H16N2O2,244.29399999999998,completed,88361837.0,0,0.0,,no_vendor_index_hit,2026-08-24T12:23:32.723085+00:00,False,False,zinc-instock-mini,False,0,https://www.emolecules.com/search/?q=Cc1ccc%28C%28C%29N%3DC%3DO%29c%28C%28C%29N%3DC%3DO%29c1C&t=1,0,no_catalog_signal,required,blocked_pending_quote_sds_and_local_approval,blocked,direct_manufacturer_or_catalog_identity_not_verified,model_training_and_quantum_reference
polyuniverse_dinco_a5809ed0bb50011d11e7,diisocyanate,complete,54,CC(C)c1ncc(F)c(C(C)CC2Cc3c(nc4c(c3N=C=O)CCC4)C2C)c1N=C=O,ready,OVGRZIGSWVKSJL-UHFFFAOYSA-N,C25H27FN4O2,434.51500000000027,completed,146617572.0,0,0.0,,no_vendor_index_hit,2026-08-24T12:23:34.755780+00:00,False,False,zinc-instock-mini,False,0,https://www.emolecules.com/search/?q=CC%28C%29c1ncc%28F%29c%28C%28C%29CC2Cc3c%28nc4c%28c3N%3DC%3DO%29CCC4%29C2C%29c1N%3DC%3DO&t=1,0,no_catalog_signal,required,blocked_pending_quote_sds_and_local_approval,blocked,direct_manufacturer_or_catalog_identity_not_verified,model_training_and_quantum_reference
polyuniverse_dinco_ac4be1eff9a2d8a5bde3,diisocyanate,complete,55,CCCc1cc(C(C)C)c(N=C=O)c(CCC)c1N=C=O,ready,UDLYXAYXSYBHBU-UHFFFAOYSA-N,C17H22N2O2,286.37499999999994,completed,141450202.0,0,0.0,,no_vendor_index_hit,2026-08-24T12:23:36.169338+00:00,False,False,zinc-instock-mini,False,0,https://www.emolecules.com/search/?q=CCCc1cc%28C%28C%29C%29c%28N%3DC%3DO%29c%28CCC%29c1N%3DC%3DO&t=1,0,no_catalog_signal,required,blocked_pending_quote_sds_and_local_approval,blocked,direct_manufacturer_or_catalog_identity_not_verified,model_training_and_quantum_reference
polyuniverse_dinco_ba183439d0e722cfbeb8,diisocyanate,complete,56,O=C=Nc1ccc(C(c2ccc(N=C=O)cc2)n2ccnc2)cc1,ready,YZUPMOOLANMBKM-UHFFFAOYSA-N,C18H12N4O2,316.32,completed,87178851.0,0,0.0,,no_vendor_index_hit,2026-08-24T12:23:37.599946+00:00,False,False,zinc-instock-mini,False,0,https://www.emolecules.com/search/?q=O%3DC%3DNc1ccc%28C%28c2ccc%28N%3DC%3DO%29cc2%29n2ccnc2%29cc1&t=1,0,no_catalog_signal,required,blocked_pending_quote_sds_and_local_approval,blocked,direct_manufacturer_or_catalog_identity_not_verified,model_training_and_quantum_reference
polyuniverse_dinco_c716de5f027f8966961c,diisocyanate,complete,57,O=C=Nc1ccc(-c2cccc3c2C(c2ccc(N=C=O)cc2)c2ccccc2-3)cc1,ready,YYAYZMLJMNZZSP-UHFFFAOYSA-N,C27H16N2O2,400.4370000000001,completed,19819912.0,0,0.0,,no_vendor_index_hit,2026-08-24T12:23:39.448380+00:00,False,False,zinc-instock-mini,False,0,https://www.emolecules.com/search/?q=O%3DC%3DNc1ccc%28-c2cccc3c2C%28c2ccc%28N%3DC%3DO%29cc2%29c2ccccc2-3%29cc1&t=1,0,no_catalog_signal,required,blocked_pending_quote_sds_and_local_approval,blocked,direct_manufacturer_or_catalog_identity_not_verified,model_training_and_quantum_reference
polyuniverse_dinco_c842b8dc271bd83c79bd,diisocyanate,complete,58,CC1C(C)C(N=C=O)C(C)(C)C(C)C1N=C=O,ready,PWVJUFTYQXGRJH-UHFFFAOYSA-N,C13H20N2O2,236.315,pubchem_not_found,,0,,,,2026-08-24T12:23:40.690769+00:00,False,False,zinc-instock-mini,False,0,https://www.emolecules.com/search/?q=CC1C%28C%29C%28N%3DC%3DO%29C%28C%29%28C%29C%28C%29C1N%3DC%3DO&t=1,0,no_catalog_signal,required,blocked_pending_quote_sds_and_local_approval,blocked,direct_manufacturer_or_catalog_identity_not_verified,model_training_and_quantum_reference
polyuniverse_dinco_d6e57fb34f6442032c80,diisocyanate,complete,59,COc1ccc(OC)c(N(c2ccc(N=C=O)cc2)c2ccc(N=C=O)cc2)c1,ready,RQMBEYUDLINOLV-UHFFFAOYSA-N,C22H17N3O4,387.3950000000001,completed,139654749.0,0,0.0,,no_vendor_index_hit,2026-08-24T12:23:42.336488+00:00,False,False,zinc-instock-mini,False,0,https://www.emolecules.com/search/?q=COc1ccc%28OC%29c%28N%28c2ccc%28N%3DC%3DO%29cc2%29c2ccc%28N%3DC%3DO%29cc2%29c1&t=1,0,no_catalog_signal,required,blocked_pending_quote_sds_and_local_approval,blocked,direct_manufacturer_or_catalog_identity_not_verified,model_training_and_quantum_reference
polyuniverse_dinco_d99b46b0b115b20a069f,diisocyanate,complete,60,CC1(C)CC(C)(CN=C=O)C(C2CCCCC2)C(N=C=O)(C2CCCCC2)C1,ready,BLBNEHKHVXFHLZ-UHFFFAOYSA-N,C24H38N2O2,386.58000000000027,completed,89588698.0,0,0.0,,no_vendor_index_hit,2026-08-24T12:23:43.954457+00:00,False,False,zinc-instock-mini,False,0,https://www.emolecules.com/search/?q=CC1%28C%29CC%28C%29%28CN%3DC%3DO%29C%28C2CCCCC2%29C%28N%3DC%3DO%29%28C2CCCCC2%29C1&t=1,0,no_catalog_signal,required,blocked_pending_quote_sds_and_local_approval,blocked,direct_manufacturer_or_catalog_identity_not_verified,model_training_and_quantum_reference
polyuniverse_dinco_d9e0e5b183928d0c3023,diisocyanate,complete,61,CC(C)(N=C=O)c1ccc2c(C(C)(C)N=C=O)cccc2c1,ready,YJTGYBYWFYQUDX-UHFFFAOYSA-N,C18H18N2O2,294.354,completed,19957748.0,0,0.0,,no_vendor_index_hit,2026-08-24T12:23:45.364323+00:00,False,False,zinc-instock-mini,False,0,https://www.emolecules.com/search/?q=CC%28C%29%28N%3DC%3DO%29c1ccc2c%28C%28C%29%28C%29N%3DC%3DO%29cccc2c1&t=1,0,no_catalog_signal,required,blocked_pending_quote_sds_and_local_approval,blocked,direct_manufacturer_or_catalog_identity_not_verified,model_training_and_quantum_reference
polyuniverse_dinco_e191aa437a5bb122583c,diisocyanate,complete,62,CCC(CC12CCC(C1)C(N=C=O)C2)N=C=O,ready,GOZLYGMKRGCZAN-UHFFFAOYSA-N,C13H18N2O2,234.29899999999998,completed,88108600.0,0,0.0,,no_vendor_index_hit,2026-08-24T12:23:46.685962+00:00,False,False,zinc-instock-mini,False,0,https://www.emolecules.com/search/?q=CCC%28CC12CCC%28C1%29C%28N%3DC%3DO%29C2%29N%3DC%3DO&t=1,0,no_catalog_signal,required,blocked_pending_quote_sds_and_local_approval,blocked,direct_manufacturer_or_catalog_identity_not_verified,model_training_and_quantum_reference
polyuniverse_dinco_e3bd88989ad52de46012,diisocyanate,complete,63,O=C=Nc1cccc(CC2(N=C=O)CCCCC2)c1,ready,NHULGSRPCWZLEC-UHFFFAOYSA-N,C15H16N2O2,256.3049999999999,completed,56635712.0,0,0.0,,no_vendor_index_hit,2026-08-24T12:23:48.833063+00:00,False,False,zinc-instock-mini,False,0,https://www.emolecules.com/search/?q=O%3DC%3DNc1cccc%28CC2%28N%3DC%3DO%29CCCCC2%29c1&t=1,0,no_catalog_signal,required,blocked_pending_quote_sds_and_local_approval,blocked,direct_manufacturer_or_catalog_identity_not_verified,model_training_and_quantum_reference
polyuniverse_dinco_e6e130471887a66db2b6,diisocyanate,complete,64,CCOC(N=C=O)(OCC)C(N=C=O)c1ccccc1-c1ccccc1,ready,SPIOAGXASOKHIG-UHFFFAOYSA-N,C20H20N2O4,352.39000000000004,completed,140143466.0,0,0.0,,no_vendor_index_hit,2026-08-24T12:23:50.503356+00:00,False,False,zinc-instock-mini,False,0,https://www.emolecules.com/search/?q=CCOC%28N%3DC%3DO%29%28OCC%29C%28N%3DC%3DO%29c1ccccc1-c1ccccc1&t=1,0,no_catalog_signal,required,blocked_pending_quote_sds_and_local_approval,blocked,direct_manufacturer_or_catalog_identity_not_verified,model_training_and_quantum_reference
polyuniverse_dinco_e9c64a150258b8ae2353,diisocyanate,complete,65,O=C=NC(F)C(F)(F)C(F)(F)N=C=O,ready,NIXNLRAKRKKYLZ-UHFFFAOYSA-N,C5HF5N2O2,216.06499999999997,completed,153773224.0,0,0.0,,no_vendor_index_hit,2026-08-24T12:23:51.816939+00:00,False,False,zinc-instock-mini,False,0,https://www.emolecules.com/search/?q=O%3DC%3DNC%28F%29C%28F%29%28F%29C%28F%29%28F%29N%3DC%3DO&t=1,0,no_catalog_signal,required,blocked_pending_quote_sds_and_local_approval,blocked,direct_manufacturer_or_catalog_identity_not_verified,model_training_and_quantum_reference
polyuniverse_dinco_f4a3c1923033f08d5b48,diisocyanate,complete,66,Cc1c(Cl)cc(N=C=O)cc1C(Cl)(N=C=O)c1ccccc1,ready,NBJVTDBJNVTNQE-UHFFFAOYSA-N,C16H10Cl2N2O2,333.17400000000004,completed,88695387.0,0,0.0,,no_vendor_index_hit,2026-08-24T12:23:53.431090+00:00,False,False,zinc-instock-mini,False,0,https://www.emolecules.com/search/?q=Cc1c%28Cl%29cc%28N%3DC%3DO%29cc1C%28Cl%29%28N%3DC%3DO%29c1ccccc1&t=1,0,no_catalog_signal,required,blocked_pending_quote_sds_and_local_approval,blocked,direct_manufacturer_or_catalog_identity_not_verified,model_training_and_quantum_reference
polyuniverse_dinco_f93d4f580beca33f9619,diisocyanate,complete,67,O=C=Nc1cc(N=C=O)cc(OCCCCc2ccco2)c1,ready,RPRWUVUFLFWEDA-UHFFFAOYSA-N,C16H14N2O4,298.29799999999994,completed,121414759.0,0,0.0,,no_vendor_index_hit,2026-08-24T12:23:55.119799+00:00,False,False,zinc-instock-mini,False,0,https://www.emolecules.com/search/?q=O%3DC%3DNc1cc%28N%3DC%3DO%29cc%28OCCCCc2ccco2%29c1&t=1,0,no_catalog_signal,required,blocked_pending_quote_sds_and_local_approval,blocked,direct_manufacturer_or_catalog_identity_not_verified,model_training_and_quantum_reference
polyuniverse_dinco_fbadb623a6ef1950d388,diisocyanate,complete,68,O=C=NC(Cc1ccc2ccccc2c1)C(N=C=O)c1ccc2ccccc2c1,ready,MGFHUUMQVBQGQJ-UHFFFAOYSA-N,C25H18N2O2,378.4310000000001,completed,91061920.0,0,0.0,,no_vendor_index_hit,2026-08-24T12:23:56.745821+00:00,False,False,zinc-instock-mini,False,0,https://www.emolecules.com/search/?q=O%3DC%3DNC%28Cc1ccc2ccccc2c1%29C%28N%3DC%3DO%29c1ccc2ccccc2c1&t=1,0,no_catalog_signal,required,blocked_pending_quote_sds_and_local_approval,blocked,direct_manufacturer_or_catalog_identity_not_verified,model_training_and_quantum_reference
polyuniverse_dinco_fd5f159552c1f70f915c,diisocyanate,complete,69,O=C=NCCC(CN(CC(CCN=C=O)([N+](=O)[O-])[N+](=O)[O-])[N+](=O)[O-])([N+](=O)[O-])[N+](=O)[O-],ready,PEXUJIJOJZLMCU-UHFFFAOYSA-N,C10H12N8O12,436.25000000000017,completed,87989780.0,0,0.0,,no_vendor_index_hit,2026-08-24T12:23:58.717801+00:00,False,False,zinc-instock-mini,False,0,https://www.emolecules.com/search/?q=O%3DC%3DNCCC%28CN%28CC%28CCN%3DC%3DO%29%28%5BN%2B%5D%28%3DO%29%5BO-%5D%29%5BN%2B%5D%28%3DO%29%5BO-%5D%29%5BN%2B%5D%28%3DO%29%5BO-%5D%29%28%5BN%2B%5D%28%3DO%29%5BO-%5D%29%5BN%2B%5D%28%3DO%29%5BO-%5D&t=1,0,no_catalog_signal,required,blocked_pending_quote_sds_and_local_approval,blocked,direct_manufacturer_or_catalog_identity_not_verified,model_training_and_quantum_reference
chemical_0895e6cd5136df6a,macrodiol_proxy,complete,70,OCCOc1ccc(C2(c3ccc(OCCO)cc3)c3ccccc3-c3ccccc32)cc1,ready,NQXNYVAALXGLQT-UHFFFAOYSA-N,C29H26O4,438.5230000000001,completed,3764404.0,74,63.0,"001Chemical;10X CHEM;1st Scientific;A2B Chem;AA BLOCKS;AKos Consulting & Solutions;AbaChemScene;Accel Scientific;Accela ChemBio Inc.;Acmec Biochemical;Activate Scientific;AiFChem, an XtalPi Company;Aladdin Scientific;Alfa Chemistry;Ambeed;Angene Chemical;AppChem;AstaTech, Inc.;BLD Pharm;BOC Sciences;BenchChem;Biorbyt;Biosynth;CATO Research Chemicals Inc.;Chem-Space.com Database;ChemShuttle;Chemenu Inc.;ChemoSapiens;Combi-Blocks;Cooke Chemical Co., Ltd;CymitQuimica;DSL Chemicals;Finetech Industry Limited;Fluorochem;Hairui Chemical;Hunan Chemfish Pharmaceutical Co., Ltd.;J&H Chemical Co.,ltd;Key Organics/BIONET;Matrix Scientific;Mcule;MolCore;Molport;MuseChem;Oakwood Products;Pharmacore Co., Limited;Pi Chemicals;RR Scientific;Shandong Benrite New Chemical Materials Co.,Ltd;Sigma-Aldrich;Sinfoo Biotech;Smolecule;Starshine Chemical;SynHet - Synthetic Heterocycles;Synblock Inc;TCI (Tokyo Chemical Industry);TargetMol;Thoreauchem;TimTec;VladaChem;Win-Win Chemical;abcr GmbH;eMolecules;eNovation Chemicals",catalog_index_hit,2026-08-24T12:24:03.547527+00:00,True,True,zinc-instock-mini,False,0,https://www.emolecules.com/search/?q=OCCOc1ccc%28C2%28c3ccc%28OCCO%29cc3%29c3ccccc3-c3ccccc32%29cc1&t=1,2,multiple_catalog_signals,required,blocked_pending_quote_sds_and_local_approval,blocked,structure_proxy_only_not_real_commercial_macrodiol,model_training_and_quantum_reference
chemical_1f862d0fb910ec42,macrodiol_proxy,complete,71,Oc1ccc(C2(c3ccc(O)cc3)CCCCC2)cc1,ready,SDDLEVPIDBLVHC-UHFFFAOYSA-N,C18H20O2,268.35599999999994,completed,232446.0,90,66.0,"001Chemical;10X CHEM;A2B Chem;AA BLOCKS;AKos Consulting & Solutions;AbaChemScene;Accel Scientific;Achemtek;Acmec Biochemical;AgroIntelBioScan.com;AiFChem, an XtalPi Company;Aladdin Scientific;Alfa Chemistry;Alinda Chemical Trade Company Ltd;Ambeed;Angene Chemical;AppChem;AstaTech, Inc.;BLD Pharm;BOC Sciences;BenchChem;Biorbyt;CAPOT;CATO Research Chemicals Inc.;Chem-Space.com Database;ChemDiv;ChemoSapiens;Clearsynth;Clinivex;Combi-Blocks;Cooke Chemical Co., Ltd;CymitQuimica;Debye Scientific Co., Ltd;Finetech Industry Limited;Fluorochem;Hairui Chemical;INTERBIOSCREEN;J&H Chemical Co.,ltd;Key Organics/BIONET;LGC Standards;Matrix Scientific;Mcule;MolCore;Molport;MuseChem;Oakwood Products;Pi Chemicals;Quality Control Solutions (QCS Standards);RR Scientific;Shandong Benrite New Chemical Materials Co.,Ltd;Sigma-Aldrich;Sinfoo Biotech;Smolecule;Starshine Chemical;SynHet - Synthetic Heterocycles;TCI (Tokyo Chemical Industry);TargetMol;Thoreauchem;TimTec;Vitas-M Laboratory;VladaChem;Win-Win Chemical;Yuhao Chemical;abcr GmbH;eMolecules;eNovation Chemicals",catalog_index_hit,2026-08-24T12:24:07.351599+00:00,True,True,zinc-instock-mini,False,0,https://www.emolecules.com/search/?q=Oc1ccc%28C2%28c3ccc%28O%29cc3%29CCCCC2%29cc1&t=1,2,multiple_catalog_signals,required,blocked_pending_quote_sds_and_local_approval,blocked,structure_proxy_only_not_real_commercial_macrodiol,model_training_and_quantum_reference
chemical_34962dac292231e7,macrodiol_proxy,complete,72,Cc1cc(Cc2cc(C)c(O)c(C)c2)cc(C)c1O,ready,AZZWZMUXHALBCQ-UHFFFAOYSA-N,C17H20O2,256.34499999999997,completed,79345.0,58,51.0,"001Chemical;10X CHEM;A2B Chem;AA BLOCKS;AKos Consulting & Solutions;AbaChemScene;Accel Scientific;Accela ChemBio Inc.;Activate Scientific;AiFChem, an XtalPi Company;Aladdin Scientific;Alfa Chemistry;Angene Chemical;AppChem;AstaTech, Inc.;BLD Pharm;BOC Sciences;BenchChem;Biosynth;CATO Research Chemicals Inc.;Chem-Space.com Database;ChemShuttle;Chemenu Inc.;ChemoSapiens;Clearsynth;Combi-Blocks;Cooke Chemical Co., Ltd;CymitQuimica;Debye Scientific Co., Ltd;Enamine;Fluorochem;Hairui Chemical;J&H Chemical Co.,ltd;Key Organics/BIONET;LGC Standards;Matrix Scientific;Mcule;MolCore;Molport;MuseChem;RR Scientific;Sigma-Aldrich;Smolecule;Specs;Starshine Chemical;SynHet - Synthetic Heterocycles;TCI (Tokyo Chemical Industry);TimTec;abcr GmbH;eMolecules;eNovation Chemicals",catalog_index_hit,2026-08-24T12:24:10.966353+00:00,True,True,zinc-instock-mini,False,0,https://www.emolecules.com/search/?q=Cc1cc%28Cc2cc%28C%29c%28O%29c%28C%29c2%29cc%28C%29c1O&t=1,2,multiple_catalog_signals,required,blocked_pending_quote_sds_and_local_approval,blocked,structure_proxy_only_not_real_commercial_macrodiol,model_training_and_quantum_reference
chemical_3a566be4d64035e3,macrodiol_proxy,complete,73,Oc1ccc(-c2ccc(O)c(Br)c2)cc1Br,ready,RJGXLSPAKXWJGN-UHFFFAOYSA-N,C12H8Br2O2,344.002,completed,18533301.0,44,39.0,"10X CHEM;1st Scientific;A2B Chem;AA BLOCKS;AKos Consulting & Solutions;AbaChemScene;Accel Scientific;Accela ChemBio Inc.;Activate Scientific;AiFChem, an XtalPi Company;Aladdin Scientific;Alfa Chemistry;Ambeed;Ambinter;Angene Chemical;AppChem;AstaTech, Inc.;BLD Pharm;BOC Sciences;BenchChem;CATO Research Chemicals Inc.;Chem-Space.com Database;ChemoSapiens;Combi-Blocks;CymitQuimica;Fluorochem;J&H Chemical Co.,ltd;Key Organics/BIONET;Matrix Scientific;Mcule;Molport;RR Scientific;Starshine Chemical;SynHet - Synthetic Heterocycles;Synthonix, Inc.;TCI (Tokyo Chemical Industry);abcr GmbH;eMolecules;eNovation Chemicals",catalog_index_hit,2026-08-24T12:24:13.694759+00:00,True,False,zinc-instock-mini,False,0,https://www.emolecules.com/search/?q=Oc1ccc%28-c2ccc%28O%29c%28Br%29c2%29cc1Br&t=1,1,single_catalog_signal,required,blocked_pending_quote_sds_and_local_approval,blocked,structure_proxy_only_not_real_commercial_macrodiol,model_training_and_quantum_reference
chemical_58b2613823466190,macrodiol_proxy,complete,74,CC(C)(C)c1cc(-c2cc(C(C)(C)C)cc(C(C)(C)C)c2O)c(O)c(C(C)(C)C)c1,ready,GDGDLBOVIAWEAD-UHFFFAOYSA-N,C28H42O2,410.64200000000017,completed,80808.0,52,49.0,"001Chemical;10X CHEM;A2B Chem;AA BLOCKS;AChemBlock;AKos Consulting & Solutions;AbaChemScene;Accel Scientific;Accela ChemBio Inc.;Activate Scientific;AgroIntelBioScan.com;AiFChem, an XtalPi Company;Aladdin Scientific;Ambeed;Ambinter;Angel Pharmatech Ltd.;Angene Chemical;AppChem;AstaTech, Inc.;BLD Pharm;BenchChem;CAPOT;CATO Research Chemicals Inc.;Chem-Space.com Database;ChemShuttle;ChemoSapiens;Combi-Blocks;CymitQuimica;DSL Chemicals;Debye Scientific Co., Ltd;Fluorochem;Hairui Chemical;INTERBIOSCREEN;J&H Chemical Co.,ltd;Key Organics/BIONET;Mcule;MolCore;Molport;MuseChem;RR Scientific;Smolecule;Starshine Chemical;SynHet - Synthetic Heterocycles;TCI (Tokyo Chemical Industry);Thoreauchem;Vitas-M Laboratory;abcr GmbH;eMolecules;eNovation Chemicals",catalog_index_hit,2026-08-24T12:24:16.509833+00:00,True,False,zinc-instock-mini,False,0,https://www.emolecules.com/search/?q=CC%28C%29%28C%29c1cc%28-c2cc%28C%28C%29%28C%29C%29cc%28C%28C%29%28C%29C%29c2O%29c%28O%29c%28C%28C%29%28C%29C%29c1&t=1,1,single_catalog_signal,required,blocked_pending_quote_sds_and_local_approval,blocked,structure_proxy_only_not_real_commercial_macrodiol,model_training_and_quantum_reference
chemical_6364c045bd73da83,macrodiol_proxy,complete,76,Oc1cccc(Oc2ccc(Oc3cccc(O)c3)cc2)c1,ready,CHBWEVDVYGBMEJ-UHFFFAOYSA-N,C18H14O4,294.306,completed,626369.0,35,33.0,"001Chemical;10X CHEM;A2B Chem;AA BLOCKS;AKos Consulting & Solutions;AbaChemScene;Accela ChemBio Inc.;Alfa Chemistry;Ambinter;Angene Chemical;AstaTech, Inc.;BLD Pharm;BOC Sciences;BenchChem;CATO Research Chemicals Inc.;Chem-Space.com Database;ChemoSapiens;Combi-Blocks;Cooke Chemical Co., Ltd;CymitQuimica;Fluorochem;Hairui Chemical;J&H Chemical Co.,ltd;Mcule;MolCore;Molport;RR Scientific;Smolecule;SynHet - Synthetic Heterocycles;TCI (Tokyo Chemical Industry);abcr GmbH;eMolecules;eNovation Chemicals",catalog_index_hit,2026-08-24T12:24:21.539497+00:00,True,False,zinc-instock-mini,False,0,https://www.emolecules.com/search/?q=Oc1cccc%28Oc2ccc%28Oc3cccc%28O%29c3%29cc2%29c1&t=1,1,single_catalog_signal,required,blocked_pending_quote_sds_and_local_approval,blocked,structure_proxy_only_not_real_commercial_macrodiol,model_training_and_quantum_reference
chemical_694871d5e95b7370,macrodiol_proxy,complete,77,Oc1c(F)c(F)c(-c2c(F)c(F)c(O)c(F)c2F)c(F)c1F,ready,MOFZHBRFFAIMKM-UHFFFAOYSA-N,C12H2F8O2,330.13,completed,630263.0,54,47.0,"10X CHEM;A2B Chem;AA BLOCKS;AKos Consulting & Solutions;AbaChemScene;Accel Scientific;Accela ChemBio Inc.;AgroIntelBioScan.com;AiFChem, an XtalPi Company;Alfa Chemistry;Alinda Chemical Trade Company Ltd;Ambeed;Ambinter;Amfluoro;Angel Pharmatech Ltd.;Angene Chemical;AppChem;AstaTech, Inc.;BLD Pharm;BOC Sciences;BenchChem;Chem-Space.com Database;ChemoSapiens;Combi-Blocks;CymitQuimica;DSL Chemicals;Finetech Industry Limited;Fluorochem;Hairui Chemical;Hunan Chemfish Pharmaceutical Co., Ltd.;J&H Chemical Co.,ltd;Key Organics/BIONET;LGC Standards;Matrix Scientific;Mcule;Molport;MuseChem;RR Scientific;Smolecule;SynHet - Synthetic Heterocycles;TCI (Tokyo Chemical Industry);Thoreauchem;TimTec;Win-Win Chemical;abcr GmbH;eMolecules;eNovation Chemicals",catalog_index_hit,2026-08-24T12:24:24.198891+00:00,True,True,zinc-instock-mini,False,0,https://www.emolecules.com/search/?q=Oc1c%28F%29c%28F%29c%28-c2c%28F%29c%28F%29c%28O%29c%28F%29c2F%29c%28F%29c1F&t=1,2,multiple_catalog_signals,required,blocked_pending_quote_sds_and_local_approval,blocked,structure_proxy_only_not_real_commercial_macrodiol,model_training_and_quantum_reference
chemical_986d2a218ca14417,macrodiol_proxy,complete,78,OCC(F)(F)C(F)(F)C(F)(F)C(F)(F)C(F)(F)C(F)(F)CO,ready,XZJPYETUABEQFI-UHFFFAOYSA-N,C8H6F12O2,362.11,completed,3820533.0,54,48.0,"001Chemical;10X CHEM;A2B Chem;AA BLOCKS;AKos Consulting & Solutions;Accel Scientific;Accela ChemBio Inc.;AiFChem, an XtalPi Company;Aladdin Scientific;Alfa Chemistry;Ambeed;Amfluoro;Angene Chemical;AppChem;AstaTech, Inc.;BLD Pharm;BOC Sciences;BenchChem;CATO Research Chemicals Inc.;Chem-Space.com Database;ChemoSapiens;Clearsynth;Combi-Blocks;Cooke Chemical Co., Ltd;CymitQuimica;Finetech Industry Limited;Fluorochem;Hairui Chemical;Hunan Chemfish Pharmaceutical Co., Ltd.;J&H Chemical Co.,ltd;Mcule;MolCore;Molport;Oakwood Products;RR Scientific;Sinfoo Biotech;Smolecule;Specs;Starshine Chemical;SynHet - Synthetic Heterocycles;SynQuest Laboratories;TCI (Tokyo Chemical Industry);Thoreauchem;VladaChem;Yuhao Chemical;abcr GmbH;eMolecules;eNovation Chemicals",catalog_index_hit,2026-08-24T12:24:27.899749+00:00,True,True,zinc-instock-mini,False,0,https://www.emolecules.com/search/?q=OCC%28F%29%28F%29C%28F%29%28F%29C%28F%29%28F%29C%28F%29%28F%29C%28F%29%28F%29C%28F%29%28F%29CO&t=1,2,multiple_catalog_signals,required,blocked_pending_quote_sds_and_local_approval,blocked,structure_proxy_only_not_real_commercial_macrodiol,model_training_and_quantum_reference
chemical_a04b7de5081dd0a5,macrodiol_proxy,complete,79,CC(C)CC(C)(c1ccc(O)cc1)c1ccc(O)cc1,ready,VHLLJTHDWPAQEM-UHFFFAOYSA-N,C18H22O2,270.372,completed,81259.0,47,42.0,"10X CHEM;A2B Chem;AA BLOCKS;AKos Consulting & Solutions;AbaChemScene;Accel Scientific;Accela ChemBio Inc.;Achemtek;AiFChem, an XtalPi Company;Aladdin Scientific;Ambeed;Angel Pharmatech Ltd.;Angene Chemical;AppChem;AstaTech, Inc.;BLD Pharm;BenchChem;CATO Research Chemicals Inc.;Chem-Space.com Database;ChemoSapiens;Combi-Blocks;Cooke Chemical Co., Ltd;CymitQuimica;Finetech Industry Limited;Fluorochem;Hairui Chemical;Hunan Huateng Pharmaceutical Co., Ltd.;J&H Chemical Co.,ltd;LGC Standards;Matrix Scientific;Mcule;Molport;MuseChem;RR Scientific;Sigma-Aldrich;Smolecule;Starshine Chemical;SynHet - Synthetic Heterocycles;TCI (Tokyo Chemical Industry);abcr GmbH;eMolecules;eNovation Chemicals",catalog_index_hit,2026-08-24T12:24:31.486519+00:00,True,True,zinc-instock-mini,False,0,https://www.emolecules.com/search/?q=CC%28C%29CC%28C%29%28c1ccc%28O%29cc1%29c1ccc%28O%29cc1&t=1,2,multiple_catalog_signals,required,blocked_pending_quote_sds_and_local_approval,blocked,structure_proxy_only_not_real_commercial_macrodiol,model_training_and_quantum_reference
chemical_a2cf8157d0f77432,macrodiol_proxy,complete,80,OC(c1cccc(C(O)(C(F)(F)F)C(F)(F)F)c1)(C(F)(F)F)C(F)(F)F,ready,PGUIOHNOYADLMU-UHFFFAOYSA-N,C12H6F12O2,410.15399999999994,completed,69933.0,63,50.0,"001Chemical;10X CHEM;A2B Chem;AA BLOCKS;AChemBlock;AKos Consulting & Solutions;Accel Scientific;Accela ChemBio Inc.;AiFChem, an XtalPi Company;Aladdin Scientific;Alfa Chemistry;Angel Pharmatech Ltd.;Angene Chemical;AppChem;AstaTech, Inc.;BLD Pharm;BOC Sciences;BenchChem;CATO Research Chemicals Inc.;Chem-Space.com Database;ChemFish Tokyo Co., Ltd.;ChemoSapiens;Combi-Blocks;Cooke Chemical Co., Ltd;CymitQuimica;Debye Scientific Co., Ltd;Finetech Industry Limited;Fluorochem;Hairui Chemical;Hunan Chemfish Pharmaceutical Co., Ltd.;J&H Chemical Co.,ltd;Key Organics/BIONET;LGC Standards;Matrix Scientific;Mcule;MolCore;Molport;Oakwood Products;RR Scientific;Smolecule;SynHet - Synthetic Heterocycles;SynQuest Laboratories;TCI (Tokyo Chemical Industry);Thermo Fisher Scientific;VladaChem;Win-Win Chemical;Yuhao Chemical;abcr GmbH;eMolecules;eNovation Chemicals",catalog_index_hit,2026-08-24T12:24:35.602820+00:00,True,False,zinc-instock-mini,False,0,https://www.emolecules.com/search/?q=OC%28c1cccc%28C%28O%29%28C%28F%29%28F%29F%29C%28F%29%28F%29F%29c1%29%28C%28F%29%28F%29F%29C%28F%29%28F%29F&t=1,1,single_catalog_signal,required,blocked_pending_quote_sds_and_local_approval,blocked,structure_proxy_only_not_real_commercial_macrodiol,model_training_and_quantum_reference
chemical_b94fa835d3f1bdb8,macrodiol_proxy,complete,81,CC(C)(CO)C1OCC2(CO1)COC(C(C)(C)CO)OC2,ready,BPZIYBJCZRUDEG-UHFFFAOYSA-N,C15H28O6,304.38300000000004,completed,7569008.0,55,51.0,"001Chemical;10X CHEM;1st Scientific;A2B Chem;AA BLOCKS;AKos Consulting & Solutions;AbaChemScene;Accel Scientific;Acmec Biochemical;AiFChem, an XtalPi Company;Aladdin Scientific;Alfa Chemistry;Ambeed;Ambinter;Angene Chemical;AppChem;AstaTech, Inc.;BLD Pharm;BOC Sciences;BenchChem;Biosynth;CATO Research Chemicals Inc.;Chem-Space.com Database;ChemShuttle;ChemoSapiens;Clearsynth;Combi-Blocks;Cooke Chemical Co., Ltd;CymitQuimica;Debye Scientific Co., Ltd;Finetech Industry Limited;Fluorochem;Hairui Chemical;Key Organics/BIONET;Matrix Scientific;MolCore;Molport;MuseChem;Oakwood Products;RR Scientific;Smolecule;Starshine Chemical;SynHet - Synthetic Heterocycles;TCI (Tokyo Chemical Industry);Thermo Fisher Scientific;Thoreauchem;Win-Win Chemical;Yuhao Chemical;abcr GmbH;eMolecules;eNovation Chemicals",catalog_index_hit,2026-08-24T12:24:38.748192+00:00,True,True,zinc-instock-mini,False,0,https://www.emolecules.com/search/?q=CC%28C%29%28CO%29C1OCC2%28CO1%29COC%28C%28C%29%28C%29CO%29OC2&t=1,2,multiple_catalog_signals,required,blocked_pending_quote_sds_and_local_approval,blocked,structure_proxy_only_not_real_commercial_macrodiol,model_training_and_quantum_reference
chemical_e34b1bd2b88ad439,macrodiol_proxy,complete,82,CC(C)(c1ccc(O)c(C2CCCCC2)c1)c1ccc(O)c(C2CCCCC2)c1,ready,WKVWOPDUENJKAR-UHFFFAOYSA-N,C27H36O2,392.5830000000002,completed,10938040.0,36,34.0,"001Chemical;10X CHEM;A2B Chem;AA BLOCKS;AKos Consulting & Solutions;AbaChemScene;Accel Scientific;Aladdin Scientific;Alfa Chemistry;Ambinter;Angel Pharmatech Ltd.;Angene Chemical;AppChem;AstaTech, Inc.;BOC Sciences;BenchChem;CATO Research Chemicals Inc.;Chem-Space.com Database;Chemenu Inc.;ChemoSapiens;Combi-Blocks;Cooke Chemical Co., Ltd;CymitQuimica;Hairui Chemical;J&H Chemical Co.,ltd;Key Organics/BIONET;Mcule;MolCore;RR Scientific;Smolecule;SynHet - Synthetic Heterocycles;TCI (Tokyo Chemical Industry);eMolecules;eNovation Chemicals",catalog_index_hit,2026-08-24T12:24:40.669438+00:00,True,False,zinc-instock-mini,False,0,https://www.emolecules.com/search/?q=CC%28C%29%28c1ccc%28O%29c%28C2CCCCC2%29c1%29c1ccc%28O%29c%28C2CCCCC2%29c1&t=1,1,single_catalog_signal,required,blocked_pending_quote_sds_and_local_approval,blocked,structure_proxy_only_not_real_commercial_macrodiol,model_training_and_quantum_reference
chemical_e4aa17432292bb19,macrodiol_proxy,complete,83,Cc1cc2c(cc1O)C(C)(C)CC1(CC(C)(C)c3cc(O)c(C)cc3O1)O2,ready,HPPJCHQXOCLCJJ-UHFFFAOYSA-N,C23H28O4,368.47300000000007,completed,10937491.0,37,36.0,"10X CHEM;A2B Chem;AA BLOCKS;AKos Consulting & Solutions;AbaChemScene;Accel Scientific;Accela ChemBio Inc.;AiFChem, an XtalPi Company;Aladdin Scientific;Alfa Chemistry;Ambeed;Ambinter;Angel Pharmatech Ltd.;Angene Chemical;AstaTech, Inc.;BLD Pharm;BOC Sciences;BenchChem;CATO Research Chemicals Inc.;Chem-Space.com Database;ChemoSapiens;Combi-Blocks;Cooke Chemical Co., Ltd;CymitQuimica;Debye Scientific Co., Ltd;Hairui Chemical;J&H Chemical Co.,ltd;Mcule;Molport;RR Scientific;Smolecule;SynHet - Synthetic Heterocycles;TCI (Tokyo Chemical Industry);abcr GmbH;eMolecules;eNovation Chemicals",catalog_index_hit,2026-08-24T12:24:43.502676+00:00,True,False,zinc-instock-mini,False,0,https://www.emolecules.com/search/?q=Cc1cc2c%28cc1O%29C%28C%29%28C%29CC1%28CC%28C%29%28C%29c3cc%28O%29c%28C%29cc3O1%29O2&t=1,1,single_catalog_signal,required,blocked_pending_quote_sds_and_local_approval,blocked,structure_proxy_only_not_real_commercial_macrodiol,model_training_and_quantum_reference
chemical_ff8d497a35fecaa4,macrodiol_proxy,complete,85,OC(C(F)(F)F)(C(F)(F)F)C(O)(C(F)(F)F)C(F)(F)F,ready,GKDCWKGUOZVDFX-UHFFFAOYSA-N,C6H2F12O2,334.056,completed,13518.0,48,46.0,"001Chemical;10X CHEM;A2B Chem;AA BLOCKS;AChemBlock;AKos Consulting & Solutions;AbaChemScene;Accel Scientific;AiFChem, an XtalPi Company;Aladdin Scientific;Ambeed;Amfluoro;Angene Chemical;AppChem;AstaTech, Inc.;BLD Pharm;BenchChem;CATO Research Chemicals Inc.;Chem-Impex;Chem-Space.com Database;ChemoSapiens;Clearsynth;CymitQuimica;Debye Scientific Co., Ltd;DempoChem;Finetech Industry Limited;Fluorochem;Hairui Chemical;Hunan Chemfish Pharmaceutical Co., Ltd.;J&H Chemical Co.,ltd;Key Organics/BIONET;Mcule;MolCore;Molport;Oakwood Products;RR Scientific;Sigma-Aldrich;Smolecule;Starshine Chemical;SynHet - Synthetic Heterocycles;SynQuest Laboratories;TCI (Tokyo Chemical Industry);VladaChem;Win-Win Chemical;abcr GmbH;eMolecules",catalog_index_hit,2026-08-24T12:24:46.707666+00:00,True,True,zinc-instock-mini,False,0,https://www.emolecules.com/search/?q=OC%28C%28F%29%28F%29F%29%28C%28F%29%28F%29F%29C%28O%29%28C%28F%29%28F%29F%29C%28F%29%28F%29F&t=1,2,multiple_catalog_signals,required,blocked_pending_quote_sds_and_local_approval,blocked,structure_proxy_only_not_real_commercial_macrodiol,model_training_and_quantum_reference
