task_index,candidate_id,component_role,canonical_smiles,charge,uhf,formulation_count,formulation_ids,combination_count,combination_ids,geometry_seed,task_slug,initial_xyz_file,atom_count,embedded_conformer_count,initial_force_field,initial_force_field_energy,initial_force_field_converged,geometry_status,geometry_error,initial_xyz_sha256,initial_xyz_bytes
0,chemical_16bdee252ed11d7a,chain_extender,CC(O)C(C)O,0,0,4,formulation_260f7c21bbd0186d;formulation_796efd5f9fd61679;formulation_937be1595bc40ecf;formulation_d657c942dee289ab,4,combo_48c965e9f414b6a7;combo_6363155d10a46ba8;combo_99b756bb6e259fe2;combo_c427afb53246a8c9,20260823,0000_chemical_16bdee252ed11d7a,初始结构/0000_chemical_16bdee252ed11d7a.xyz,16,10,MMFF94s,21.2083388741,True,ready,,98c8d7183892146acd4a65d0db15fbd46960d2491df777eae233f699b734d876,662
1,chemical_1ace6e6abb3b5be3,chain_extender,Oc1ccc(O)c2c1C1CCC2C1,0,0,3,formulation_01148b4094827358;formulation_840fb34ecb3264c8;formulation_e5c1846faf0187a0,3,combo_0e94107cf12fcb98;combo_4e914e0da486e7cc;combo_6bbc2ea92413a5d9,20260823,0001_chemical_1ace6e6abb3b5be3,初始结构/0001_chemical_1ace6e6abb3b5be3.xyz,25,10,MMFF94s,26.6152227748,True,ready,,017131e17b8471e488dbd9d54ab55d692a2d855dcff4c819bd36f4a49ae629be,1031
2,chemical_28a648027cd37607,chain_extender,OCCCCCCCCCO,0,0,4,formulation_0220901f4becf3a1;formulation_1d2861c1d37a0b7d;formulation_2e2962a70eb4964d;formulation_f9f10d3ade4037a4,4,combo_068a13fff1480b79;combo_53e7dfe9f020af2e;combo_b183491bf3febf04;combo_f9547983ececfb22,20260823,0002_chemical_28a648027cd37607,初始结构/0002_chemical_28a648027cd37607.xyz,31,10,MMFF94s,1.20152333715,True,ready,,38d7b5c5b16efd9e363166a1b3bd40b830aa9cb1888f0ead3b1952a15e2786f5,1277
3,chemical_2a0d22152800ae85,chain_extender,Oc1ccc(Oc2ccc(O)cc2)cc1,0,0,3,formulation_3b2ce86adc4e0855;formulation_6bddf7c8a6a4ea98;formulation_ead7404e0f476f44,3,combo_858c9fd47baeb5f1;combo_a503544e84746d5f;combo_ea71d2215ed62c01,20260823,0003_chemical_2a0d22152800ae85,初始结构/0003_chemical_2a0d22152800ae85.xyz,25,10,MMFF94s,18.8318342401,True,ready,,c97275b12c0b097dc006aec3e7d5baed1a6cbd81447e89175bbf1dbb68fe3435,1031
4,chemical_2dad29ca9d88607e,chain_extender,OC1CCC(C2CCC(O)CC2)CC1,0,0,2,formulation_85e140de55ff1202;formulation_be53ffd39c7204ae,2,combo_355d5baf6345a3cb;combo_e11833e33b73dc48,20260823,0004_chemical_2dad29ca9d88607e,初始结构/0004_chemical_2dad29ca9d88607e.xyz,36,10,MMFF94s,20.6859474196,True,ready,,dd395d971746e0839d1594efaf369597050e7bd2f6bf9b85aba62035679152ba,1482
5,chemical_3635aefc1005d8ad,chain_extender,CC(C)(O)CCC(C)(C)O,0,0,2,formulation_5a2af8267f6b2670;formulation_880e21cfce3261df,2,combo_033d6cac63dc70c6;combo_10df875417c63772,20260823,0005_chemical_3635aefc1005d8ad,初始结构/0005_chemical_3635aefc1005d8ad.xyz,28,10,MMFF94s,17.9700200602,True,ready,,95540a88b62d6704e3f7323b0cdea0dbdbbc62768927f0d51afde5de798e9eac,1154
6,chemical_48e0f37b8f35d22d,chain_extender,Cc1c(C)c(CO)c(C)c(C)c1CO,0,0,2,formulation_a60af4bd9d1ce45c;formulation_f4acd4ef4d5d7e2f,2,combo_200fbee15196d143;combo_26dc7353ef6eed40,20260823,0006_chemical_48e0f37b8f35d22d,初始结构/0006_chemical_48e0f37b8f35d22d.xyz,32,10,MMFF94s,44.4155041588,True,ready,,7df768a96ff2734b448c8a557e160ab191e53dbbe1468675e807cc452364eaa3,1318
7,chemical_551a139d1b44a292,chain_extender,OC12CC3CC(C1)CC(O)(C3)C2,0,0,1,formulation_18123b8fa6d8c211,1,combo_ea8276fc8d74cc19,20260823,0007_chemical_551a139d1b44a292,初始结构/0007_chemical_551a139d1b44a292.xyz,28,10,MMFF94s,33.0201759178,True,ready,,08e9bb3266b00fee75269f9fae249a7f48f402b7bc953b386666cf01e1c41857,1154
8,chemical_5be20976c2a9d662,chain_extender,Oc1c(F)c(F)c(O)c(F)c1F,0,0,3,formulation_0d06acf6d1cb0f60;formulation_15c071355412fe2d;formulation_f9835c3b878d6138,3,combo_09f3fe134ab55878;combo_4fad96892f95dbad;combo_eb472c6812bd9cfb,20260823,0008_chemical_5be20976c2a9d662,初始结构/0008_chemical_5be20976c2a9d662.xyz,14,10,MMFF94s,46.4389900117,True,ready,,0847bc5b48eb62e77b76cb2b0347ec2b0239ed1015eccb32b75eea3a474b2d83,580
9,chemical_63c6eb608324eca7,chain_extender,OCC1CC2C3CC(CO)C(C3)C2C1,0,0,1,formulation_a20572398926422e,1,combo_d1b6a4901e576f67,20260823,0009_chemical_63c6eb608324eca7,初始结构/0009_chemical_63c6eb608324eca7.xyz,34,10,MMFF94s,49.7216417278,True,ready,,fa9a0f7998e56137e1fe9c6c7e81191dfa2a95f672fe81b5fee6b6acf2931239,1400
10,chemical_6ee30a16c1c450ed,chain_extender,OC1CCCCC1O,0,0,3,formulation_461e1747022352ae;formulation_63e10a27d14b29c6;formulation_e537c0a314e29d39,3,combo_4a2e219998ec9f70;combo_ed0df75c87f84636;combo_f0966c97c6ac9e76,20260823,0010_chemical_6ee30a16c1c450ed,初始结构/0010_chemical_6ee30a16c1c450ed.xyz,20,10,MMFF94s,21.8779027541,True,ready,,fae5c901a9ad40352e871912ff1c3180723c8d9b235a7faa8a5b3307b5b78f30,826
11,chemical_706c38f2fda91d2c,chain_extender,CCC(C)(c1ccc(O)cc1)c1ccc(O)cc1,0,0,2,formulation_15ee015efd2bbad4;formulation_4a34038f085d0f11,2,combo_6702af594504f562;combo_bf668cbd19fccb1d,20260823,0011_chemical_706c38f2fda91d2c,初始结构/0011_chemical_706c38f2fda91d2c.xyz,36,10,MMFF94s,45.0473447185,True,ready,,6e5de421cdb0017112a2558ec9b2469a0b9280fac40c54504a954c40e26a3cf6,1482
12,chemical_72b7ed7d3d268fd7,chain_extender,CC(C)CC(CO)(CO)CC(C)C,0,0,3,formulation_286200806f7e0f3d;formulation_bacf66d760912377;formulation_f9ce9ca312f88241,3,combo_638f2b4ae55ec11d;combo_65ea34e8298078fa;combo_a1fd0af576688e79,20260823,0012_chemical_72b7ed7d3d268fd7,初始结构/0012_chemical_72b7ed7d3d268fd7.xyz,37,10,MMFF94s,36.6569498547,True,ready,,27fdb541e7ffc40d76d6be7c4a6fd5244caff80e302bac7782c1cb959b827733,1523
13,chemical_75fb481cd45cc100,chain_extender,CCCCC(CC)(CO)CO,0,0,2,formulation_0094c4144426e57f;formulation_b89358bd089ea8a8,2,combo_a6db4d5cb8f9f84b;combo_d6401c51dae2bd86,20260823,0013_chemical_75fb481cd45cc100,初始结构/0013_chemical_75fb481cd45cc100.xyz,31,10,MMFF94s,16.8908977149,True,ready,,7f413e51abd1a018e93a774aae5254c13bbdb8d04a1f649cfe18f1dfcddce4cf,1277
14,chemical_79b196ca779aae4e,chain_extender,OCc1ccccc1CO,0,0,2,formulation_1b70a1bc7684bc09;formulation_6bdeebac2cd102ba,2,combo_2abdfe40f0bc3da1;combo_a60a2730d59996f6,20260823,0014_chemical_79b196ca779aae4e,初始结构/0014_chemical_79b196ca779aae4e.xyz,20,10,MMFF94s,18.7409449433,True,ready,,58db901b144f78593cb923d8db9270dc224e16a1122eb62a5472f861679e6d4e,826
15,chemical_7eec20377145fdb7,chain_extender,CC1(C)C(O)C(C)(C)C1O,0,0,2,formulation_3267b5076f572703;formulation_fa80c1e4ca515e40,2,combo_4810cc1dc9f65dd4;combo_d7936b994c5d24c6,20260823,0015_chemical_7eec20377145fdb7,初始结构/0015_chemical_7eec20377145fdb7.xyz,26,10,MMFF94s,21.0268531101,True,ready,,a332ad30300f134b24703f0b9f1962c225701e64e95383950e627f45baf8ffae,1072
16,chemical_831d24f7368b3f75,chain_extender,Cc1cc(-c2cc(C)c(O)c(C)c2)cc(C)c1O,0,0,3,formulation_af1abe21c39d8313;formulation_fc32b1c370cac2c9;formulation_fe9da0192caee395,3,combo_218eb8068e57083a;combo_6c95c352bd23c382;combo_d7aaf9913fa5f16c,20260823,0016_chemical_831d24f7368b3f75,初始结构/0016_chemical_831d24f7368b3f75.xyz,36,10,MMFF94s,32.1312468453,True,ready,,6d455ae193937b93e79b8a3e29e76b2926fee11f9c3b506b1e4d07b9d9905018,1482
17,chemical_bacbda6c95c1bb67,chain_extender,Cc1ccc(O)c(Cc2cc(C)ccc2O)c1,0,0,1,formulation_a65e9216c6b0d199,1,combo_d0e18aed136256d6,20260823,0017_chemical_bacbda6c95c1bb67,初始结构/0017_chemical_bacbda6c95c1bb67.xyz,33,10,MMFF94s,26.0932399203,True,ready,,129ab42efcc79de04bd516ace9bcb1d1fd6560879b702a859cdcd6fb87383599,1359
18,chemical_c68025b85cef6d56,chain_extender,OCC(CO)OCc1ccccc1,0,0,1,formulation_89fc01e595ab936f,1,combo_dfa31a92eb75951a,20260823,0018_chemical_c68025b85cef6d56,初始结构/0018_chemical_c68025b85cef6d56.xyz,27,10,MMFF94s,62.5352810473,True,ready,,4fe7c62b0a7ebbf41fd8fc9f1d264e741fe48fe5f2163750494ad2f41393743b,1113
19,chemical_ca5e105838153c99,chain_extender,CCC(CO)CC(CC)CO,0,0,2,formulation_4d01b1852205bb9a;formulation_e50622a381df8455,2,combo_52772b5446327f2a;combo_dffbf92bd9f549cf,20260823,0019_chemical_ca5e105838153c99,初始结构/0019_chemical_ca5e105838153c99.xyz,31,10,MMFF94s,15.3329424981,True,ready,,8a3875ad77aa482a31bea9fbaba0dc699770cab631374c85b5e76bd4a6bd2f41,1277
20,chemical_dd2ebb8c8aeed446,chain_extender,Oc1ccc2c(O)cccc2c1,0,0,1,formulation_42a11d6ba7ab69f7,1,combo_8a88e4fbf787ca8f,20260823,0020_chemical_dd2ebb8c8aeed446,初始结构/0020_chemical_dd2ebb8c8aeed446.xyz,20,10,MMFF94s,19.3542902735,True,ready,,50b0d4dee58a4c6be3ebb67c5faf38605a06137fc4dd295c755d5182adf459a9,826
21,chemical_f25ee56de4366915,chain_extender,O=[N+]([O-])c1cc(CO)ccc1CO,0,0,1,formulation_4b44e10195f031ce,1,combo_3b600f8fa7ac9162,20260823,0021_chemical_f25ee56de4366915,初始结构/0021_chemical_f25ee56de4366915.xyz,22,10,MMFF94s,46.2902394767,True,ready,,338c95819d27efe028269cc3eab7ba9434e2bfe5bbda059f14d0c47f03f3fedc,908
22,polyuniverse_dinco_016bfd4c165aa545a7db,diisocyanate,Cc1c(CCCCCCN=C=O)cccc1N=C=O,0,0,1,formulation_fc32b1c370cac2c9,1,combo_d7aaf9913fa5f16c,20260823,0022_polyuniverse_dinco_016bfd4c165aa545a7db,初始结构/0022_polyuniverse_dinco_016bfd4c165aa545a7db.xyz,37,10,MMFF94s,13.330018344,True,ready,,ec14062600f7d74a8536d35fec980585f649218579281d3efffb7ccb8591832f,1523
23,polyuniverse_dinco_01a65934dd666174775c,diisocyanate,O=C=NCCC1CC2CC1C1CCC(CCN=C=O)C21,0,0,1,formulation_260f7c21bbd0186d,1,combo_48c965e9f414b6a7,20260823,0023_polyuniverse_dinco_01a65934dd666174775c,初始结构/0023_polyuniverse_dinco_01a65934dd666174775c.xyz,42,10,MMFF94s,37.947636764,True,ready,,63ae52fa566de27cce8b0f2f526fe1e5c3b3858e4840dc6553ecf32ed3a45684,1728
24,polyuniverse_dinco_01e918a682cd6d3022ac,diisocyanate,N#COc1cc(-c2cc(N=C=O)oc2OC#N)c(N=C=O)o1,0,0,1,formulation_1b70a1bc7684bc09,1,combo_2abdfe40f0bc3da1,20260823,0024_polyuniverse_dinco_01e918a682cd6d3022ac,初始结构/0024_polyuniverse_dinco_01e918a682cd6d3022ac.xyz,24,10,MMFF94s,-25.957588097,True,ready,,e1bd5f43284d123315c9d184f4a412b9a26464e2153dea5355e59525bbf64de7,990
25,polyuniverse_dinco_0321877a48fd93e2fb7d,diisocyanate,CCC(N=C=O)OCC(C)(C)COC(CC)N=C=O,0,0,1,formulation_e50622a381df8455,1,combo_dffbf92bd9f549cf,20260823,0025_polyuniverse_dinco_0321877a48fd93e2fb7d,初始结构/0025_polyuniverse_dinco_0321877a48fd93e2fb7d.xyz,41,10,MMFF94s,-40.3198695029,True,ready,,a422d64e29dffa2a6b7344985b0ef4c68ab16069495f6afa792e71f998ab4b22,1687
26,polyuniverse_dinco_0499900e71bdb9da6b5c,diisocyanate,CCCC(N=C=O)C1CC2CC(C(C)N=C=O)C1C2,0,0,1,formulation_3b2ce86adc4e0855,1,combo_ea71d2215ed62c01,20260823,0026_polyuniverse_dinco_0499900e71bdb9da6b5c,初始结构/0026_polyuniverse_dinco_0499900e71bdb9da6b5c.xyz,41,10,MMFF94s,28.5750549315,True,ready,,a93c6cec915fc2df374dcf0a5a170424fd8314f4ff1a64eb4d16d5bc9b14521d,1687
27,polyuniverse_dinco_055819dc5371734047d1,diisocyanate,N#COC1CCC(CC2CCC(N=C=O)C(CC3CCC(N=C=O)CC3)C2)CC1,0,0,1,formulation_461e1747022352ae,1,combo_4a2e219998ec9f70,20260823,0027_polyuniverse_dinco_055819dc5371734047d1,初始结构/0027_polyuniverse_dinco_055819dc5371734047d1.xyz,62,10,MMFF94s,23.6264815941,True,ready,,8be85afba4d5997407ed4cf87682b85708d463c31c5ebcd4d45197956da2bb50,2548
28,polyuniverse_dinco_07a134f8e87f85791f77,diisocyanate,O=C=NC1CCCC2C3CCC2C1(N=C=O)C3,0,0,1,formulation_18123b8fa6d8c211,1,combo_ea8276fc8d74cc19,20260823,0028_polyuniverse_dinco_07a134f8e87f85791f77,初始结构/0028_polyuniverse_dinco_07a134f8e87f85791f77.xyz,33,10,MMFF94s,54.9249702571,True,ready,,cc2a8839fac5b7c7411fb289ef634197de8a081801ccf8a397af22aa9e843bb3,1359
29,polyuniverse_dinco_1fc69a034afa52f3206d,diisocyanate,O=C=Nc1ccc(C23CC4CC5(c6ccc(N=C=O)cc6)CC(C2)C5(C4)C3)cc1,0,0,1,formulation_89fc01e595ab936f,1,combo_dfa31a92eb75951a,20260823,0029_polyuniverse_dinco_1fc69a034afa52f3206d,初始结构/0029_polyuniverse_dinco_1fc69a034afa52f3206d.xyz,51,0,,,False,blocked_rdkit_3d_embedding,ETKDG 无法生成三维构象,,0
30,polyuniverse_dinco_236875b2e3fa5e54ba5a,diisocyanate,CCC(N=C=O)c1cc(C#N)cc(C(CC)N=C=O)c1,0,0,1,formulation_880e21cfce3261df,1,combo_10df875417c63772,20260823,0030_polyuniverse_dinco_236875b2e3fa5e54ba5a,初始结构/0030_polyuniverse_dinco_236875b2e3fa5e54ba5a.xyz,35,10,MMFF94s,16.9447092894,True,ready,,e553bcaf7baef6a79869ebe7016ade13a0721af23144a38a53730bb6c74e9791,1441
31,polyuniverse_dinco_24471fc1c458b69a01cd,diisocyanate,O=C=NC1CC(N=C=O)C2CCCc3cccc1c32,0,0,1,formulation_0d06acf6d1cb0f60,1,combo_eb472c6812bd9cfb,20260823,0031_polyuniverse_dinco_24471fc1c458b69a01cd,初始结构/0031_polyuniverse_dinco_24471fc1c458b69a01cd.xyz,33,10,MMFF94s,20.9362059561,True,ready,,582fe0e49528f233f23d6db1e2cda7016cdffbbe15de718a3b74ee83ce0d9c81,1359
32,polyuniverse_dinco_29fcbdd3c8cf8655b397,diisocyanate,CCCCC(CC)(CCC)CC1(N=C=O)CCC(C)C(N=C=O)C1,0,0,1,formulation_0220901f4becf3a1,1,combo_53e7dfe9f020af2e,20260823,0032_polyuniverse_dinco_29fcbdd3c8cf8655b397,初始结构/0032_polyuniverse_dinco_29fcbdd3c8cf8655b397.xyz,58,10,MMFF94s,40.9444844263,True,ready,,90d34ce09a468b203528d786dbd3f631aefbc5b3dea45704f8e6f9ec9e0340b9,2384
33,polyuniverse_dinco_2c849f9c85ebe823e4a4,diisocyanate,C[C@@H]1C[C@@H]2C[C@H](C)[C@H]3CC[C@](C)(N=C=O)[C@H]4CC[C@@H]([C@@H]2[C@H]34)[C@]1(C)N=C=O,0,0,1,formulation_4d01b1852205bb9a,1,combo_52772b5446327f2a,20260823,0033_polyuniverse_dinco_2c849f9c85ebe823e4a4,初始结构/0033_polyuniverse_dinco_2c849f9c85ebe823e4a4.xyz,58,10,MMFF94s,59.5269980991,True,ready,,8a746a60ee33ab7b754126464018fde7b8fb4f8107878b6109f6dfcd03c74d11,2384
34,polyuniverse_dinco_36587639e34b8082240f,diisocyanate,N#COCC12CC(CCCN=C=O)C(CC1CCN=C=O)C2,0,0,1,formulation_85e140de55ff1202,1,combo_e11833e33b73dc48,20260823,0034_polyuniverse_dinco_36587639e34b8082240f,初始结构/0034_polyuniverse_dinco_36587639e34b8082240f.xyz,43,10,MMFF94s,24.4149515428,True,ready,,30147958d00cbef81e50398e9dd92a6ca3bc6bea4084e7be285b557c6eb98c03,1769
35,polyuniverse_dinco_43658c980f2b703f5352,diisocyanate,O=C=Nc1cc2c(N=C=O)c(c1Cl)-c1ccc-2cc1Cl,0,0,1,formulation_a20572398926422e,1,combo_d1b6a4901e576f67,20260823,0035_polyuniverse_dinco_43658c980f2b703f5352,初始结构/0035_polyuniverse_dinco_43658c980f2b703f5352.xyz,24,0,,,False,blocked_rdkit_3d_embedding,ETKDG 无法生成三维构象,,0
36,polyuniverse_dinco_4716b4743a5baa106de3,diisocyanate,O=C=Nc1cc2cccc(N=C=O)c2nc1-c1cccc(OC(F)(F)F)c1,0,0,1,formulation_6bdeebac2cd102ba,1,combo_a60a2730d59996f6,20260823,0036_polyuniverse_dinco_4716b4743a5baa106de3,初始结构/0036_polyuniverse_dinco_4716b4743a5baa106de3.xyz,35,10,MMFF94s,90.5975959075,True,ready,,2389862e1fdacf062137eb05dbda7b635458001116fdee5eef5cc09ec3be9502,1441
37,polyuniverse_dinco_473f746a39152067a95e,diisocyanate,O=C=Nc1ccc(OCC(F)(F)C(F)F)c(N=C=O)c1,0,0,1,formulation_796efd5f9fd61679,1,combo_99b756bb6e259fe2,20260823,0037_polyuniverse_dinco_473f746a39152067a95e,初始结构/0037_polyuniverse_dinco_473f746a39152067a95e.xyz,26,10,MMFF94s,65.9428138224,True,ready,,ca3724622d86b5774b9f9d0201192154df17d22a382a7a949434290a9ce9de34,1072
38,polyuniverse_dinco_4bd62448d543828bc87c,diisocyanate,CC(C)CC(CC(C)C)(CC(CC(C)C)(CC(C)C)N=C=O)N=C=O,0,0,1,formulation_f4acd4ef4d5d7e2f,1,combo_26dc7353ef6eed40,20260823,0038_polyuniverse_dinco_4bd62448d543828bc87c,初始结构/0038_polyuniverse_dinco_4bd62448d543828bc87c.xyz,63,10,MMFF94s,59.6195251892,True,ready,,dd70c4a0de69ac39f2b492df2858862237257c004d4dc7a63c45f14aa0c15ec6,2589
39,polyuniverse_dinco_569c13453ff070989050,diisocyanate,[C-]#[N+]c1cc2c(N=C=O)c(C#N)c(C#N)cc2c(N=C=O)c1[N+]#[C-],0,0,1,formulation_15c071355412fe2d,1,combo_09f3fe134ab55878,20260823,0039_polyuniverse_dinco_569c13453ff070989050,初始结构/0039_polyuniverse_dinco_569c13453ff070989050.xyz,26,10,MMFF94s,43.6848793346,True,ready,,e41468a97bd3cba64f5d2fb1aa4a08a49a1a9b8e4a6b84c7c490303fd4664d71,1072
40,polyuniverse_dinco_57af23a42ae72d943289,diisocyanate,CCC1C2(N=C=O)CC3CC(C2)CC1(C12CC4CC(CC(N=C=O)(C4)C1)C2)C3,0,0,1,formulation_af1abe21c39d8313,1,combo_6c95c352bd23c382,20260823,0040_polyuniverse_dinco_57af23a42ae72d943289,初始结构/0040_polyuniverse_dinco_57af23a42ae72d943289.xyz,60,10,MMFF94s,91.0981015063,True,ready,,f85675a4dc613651ba4a5a2bbc64cf7af9cf5a5285465d013119cc5da7ddab64,2466
41,polyuniverse_dinco_61e84547e1c5aa376ad9,diisocyanate,O=C=NCC12CC(C3CCCC31)C1C3CCC(C3)C12CN=C=O,0,0,1,formulation_4a34038f085d0f11,1,combo_6702af594504f562,20260823,0041_polyuniverse_dinco_61e84547e1c5aa376ad9,初始结构/0041_polyuniverse_dinco_61e84547e1c5aa376ad9.xyz,47,10,MMFF94s,93.890554205,True,ready,,1e127ad80d5be5ef6ed6a991aefe829df30c6509080509644b75654551e9367d,1933
42,polyuniverse_dinco_629ef888e16fc71a3a21,diisocyanate,CC(CN=C=O)CO[C@@H]1COC2C1OCC2(C)OCC(C)CN=C=O,0,0,1,formulation_1d2861c1d37a0b7d,1,combo_b183491bf3febf04,20260823,0042_polyuniverse_dinco_629ef888e16fc71a3a21,初始结构/0042_polyuniverse_dinco_629ef888e16fc71a3a21.xyz,51,10,MMFF94s,99.3413603087,True,ready,,bba05c7658602516b338baf785b0b42bfef6d5aa139569dcb4f6ef5ba92d07b4,2097
43,polyuniverse_dinco_72c91e88a4c33aabb96c,diisocyanate,O=C=Nc1no[n+]([O-])c1N=C=O,0,0,1,formulation_2e2962a70eb4964d,1,combo_f9547983ececfb22,20260823,0043_polyuniverse_dinco_72c91e88a4c33aabb96c,初始结构/0043_polyuniverse_dinco_72c91e88a4c33aabb96c.xyz,12,10,MMFF94s,18.0948468753,True,ready,,d1e060f1e36b4adbe5284962d61876840835cd3aa6247c6e88a4e5304c9a3b97,498
44,polyuniverse_dinco_7416e04e1592ed966a70,diisocyanate,O=C=NCC1COC(CN=C=O)O1,0,0,1,formulation_0094c4144426e57f,1,combo_a6db4d5cb8f9f84b,20260823,0044_polyuniverse_dinco_7416e04e1592ed966a70,初始结构/0044_polyuniverse_dinco_7416e04e1592ed966a70.xyz,21,10,MMFF94s,31.469213225,True,ready,,b67b8e08a001379ac4d6cbe8ec74f58bd14efade679682bb9a01e8503d5e4e35,867
45,polyuniverse_dinco_7988a8eeb838489f4eaf,diisocyanate,O=C=NCCCCC(COc1ccc(Oc2ccccc2)cc1)N=C=O,0,0,1,formulation_f9f10d3ade4037a4,1,combo_068a13fff1480b79,20260823,0045_polyuniverse_dinco_7988a8eeb838489f4eaf,初始结构/0045_polyuniverse_dinco_7988a8eeb838489f4eaf.xyz,46,10,MMFF94s,44.6418199524,True,ready,,8f8c69b5036e581851be7d5487fb63fe3af04012ef0294c359bf1b5075ada3f0,1892
46,polyuniverse_dinco_7ae84879e7df0d84fdfa,diisocyanate,O=C=NC1(F)C(F)(F)C(F)(F)C(F)(F)C(F)(F)C1(F)N=C=O,0,0,1,formulation_286200806f7e0f3d,1,combo_638f2b4ae55ec11d,20260823,0046_polyuniverse_dinco_7ae84879e7df0d84fdfa,初始结构/0046_polyuniverse_dinco_7ae84879e7df0d84fdfa.xyz,22,10,MMFF94s,36.753170614,True,ready,,0c3318533494f3ea741bfe94094b07dcf90dc7f2dbfaf355eac8230bc49cfbfe,908
47,polyuniverse_dinco_7bf0d3c1efc36d46299a,diisocyanate,O=C=NCCCC(CN=C=O)CC12CCC(CC1)C2,0,0,1,formulation_ead7404e0f476f44,1,combo_a503544e84746d5f,20260823,0047_polyuniverse_dinco_7bf0d3c1efc36d46299a,初始结构/0047_polyuniverse_dinco_7bf0d3c1efc36d46299a.xyz,41,10,MMFF94s,27.4892454069,True,ready,,b02d9b69c8f38460dc2a19718e8f38892784a698fac76d7880feddc4c96b3688,1687
48,polyuniverse_dinco_7df67f418ef75f339395,diisocyanate,CC1CC(N=C=O)C(N=C=O)(C(C)C)C(c2ccccc2)(c2ccccc2)C1,0,0,1,formulation_e537c0a314e29d39,1,combo_f0966c97c6ac9e76,20260823,0048_polyuniverse_dinco_7df67f418ef75f339395,初始结构/0048_polyuniverse_dinco_7df67f418ef75f339395.xyz,54,10,MMFF94s,130.02288077,True,ready,,5535f3618476a36a2a153c0cc9c19172d55a43bffbd7e1bd51310b02daa9b10f,2220
49,polyuniverse_dinco_81e1e90ea24f1e711a99,diisocyanate,CC(N=C=O)C1(C)CC(N=C=O)CC(C)(C)C1,0,0,1,formulation_3267b5076f572703,1,combo_d7936b994c5d24c6,20260823,0049_polyuniverse_dinco_81e1e90ea24f1e711a99,初始结构/0049_polyuniverse_dinco_81e1e90ea24f1e711a99.xyz,37,10,MMFF94s,28.548328495,True,ready,,8a5974e59d199c1087699a934f2134945276cd86def0084ece0326d4276a37a2,1523
50,polyuniverse_dinco_85368c1d86f60fbe6dfa,diisocyanate,O=C=NCC1CCC(CN=C=O)(CC2CCCCC2)CC1CC1CCCCC1,0,0,1,formulation_d657c942dee289ab,1,combo_c427afb53246a8c9,20260823,0050_polyuniverse_dinco_85368c1d86f60fbe6dfa,初始结构/0050_polyuniverse_dinco_85368c1d86f60fbe6dfa.xyz,66,10,MMFF94s,45.7128135335,True,ready,,235e6dcfea669ba6e04ca98cec7d905c75b8a52a4608f6908de523447b00b5a1,2712
51,polyuniverse_dinco_8ec7a31c579192711514,diisocyanate,CC1CCC2C(C1)C(N=C=O)C1C3CCC(C3)C1C2N=C=O,0,0,1,formulation_a60af4bd9d1ce45c,1,combo_200fbee15196d143,20260823,0051_polyuniverse_dinco_8ec7a31c579192711514,初始结构/0051_polyuniverse_dinco_8ec7a31c579192711514.xyz,46,10,MMFF94s,53.1799370228,True,ready,,b32c868b50a90420d49f55bf905ea47ccceb6c4585ebc30ae650c677c5c6596d,1892
52,polyuniverse_dinco_952c8476d31239835550,diisocyanate,O=C=NCC1(CN=C=O)CCCC(F)(F)C1(F)F,0,0,1,formulation_f9835c3b878d6138,1,combo_4fad96892f95dbad,20260823,0052_polyuniverse_dinco_952c8476d31239835550,初始结构/0052_polyuniverse_dinco_952c8476d31239835550.xyz,28,10,MMFF94s,33.5910484899,True,ready,,905bed02afc5eeba99918d6e59414b0a6f49a95bb72e6fba266ef52ef10b31b9,1154
53,polyuniverse_dinco_9a439aa6493516a05f38,diisocyanate,Cc1ccc(C(C)N=C=O)c(C(C)N=C=O)c1C,0,0,1,formulation_b89358bd089ea8a8,1,combo_d6401c51dae2bd86,20260823,0053_polyuniverse_dinco_9a439aa6493516a05f38,初始结构/0053_polyuniverse_dinco_9a439aa6493516a05f38.xyz,34,10,MMFF94s,18.63977902,True,ready,,c76f07f99784e48467c34ee2e8d8dec6ab0611861f39d6274bafe1b11d0e2f85,1400
54,polyuniverse_dinco_a5809ed0bb50011d11e7,diisocyanate,CC(C)c1ncc(F)c(C(C)CC2Cc3c(nc4c(c3N=C=O)CCC4)C2C)c1N=C=O,0,0,1,formulation_bacf66d760912377,1,combo_a1fd0af576688e79,20260823,0054_polyuniverse_dinco_a5809ed0bb50011d11e7,初始结构/0054_polyuniverse_dinco_a5809ed0bb50011d11e7.xyz,59,10,MMFF94s,69.4501179831,True,ready,,9d80649b679ed5ff1bb27fd4d22437db29fd89b8a71990ced45ea2eb36e86287,2425
55,polyuniverse_dinco_ac4be1eff9a2d8a5bde3,diisocyanate,CCCc1cc(C(C)C)c(N=C=O)c(CCC)c1N=C=O,0,0,1,formulation_be53ffd39c7204ae,1,combo_355d5baf6345a3cb,20260823,0055_polyuniverse_dinco_ac4be1eff9a2d8a5bde3,初始结构/0055_polyuniverse_dinco_ac4be1eff9a2d8a5bde3.xyz,43,10,MMFF94s,19.722247019,True,ready,,a3300870edb36613530d9be3b9e84b630d7ced9b8b93e356eeb8321110390813,1769
56,polyuniverse_dinco_ba183439d0e722cfbeb8,diisocyanate,O=C=Nc1ccc(C(c2ccc(N=C=O)cc2)n2ccnc2)cc1,0,0,1,formulation_937be1595bc40ecf,1,combo_6363155d10a46ba8,20260823,0056_polyuniverse_dinco_ba183439d0e722cfbeb8,初始结构/0056_polyuniverse_dinco_ba183439d0e722cfbeb8.xyz,36,10,MMFF94s,65.634997823,True,ready,,c551684246f0662ecc5e5f7b52afa0e201f4e81c68882cccf117b247bcfeeec0,1482
57,polyuniverse_dinco_c716de5f027f8966961c,diisocyanate,O=C=Nc1ccc(-c2cccc3c2C(c2ccc(N=C=O)cc2)c2ccccc2-3)cc1,0,0,1,formulation_e5c1846faf0187a0,1,combo_0e94107cf12fcb98,20260823,0057_polyuniverse_dinco_c716de5f027f8966961c,初始结构/0057_polyuniverse_dinco_c716de5f027f8966961c.xyz,47,10,MMFF94s,88.6171110909,True,ready,,ff8a738f917f1b6dd78738a825bca19c478f2dcac63852143abdf36ed9437e9b,1933
58,polyuniverse_dinco_c842b8dc271bd83c79bd,diisocyanate,CC1C(C)C(N=C=O)C(C)(C)C(C)C1N=C=O,0,0,1,formulation_fe9da0192caee395,1,combo_218eb8068e57083a,20260823,0058_polyuniverse_dinco_c842b8dc271bd83c79bd,初始结构/0058_polyuniverse_dinco_c842b8dc271bd83c79bd.xyz,37,10,MMFF94s,28.6578552586,True,ready,,86131838a4d434544aec2f346c018afd27b9d1c6a8b72d2d626ca1b5902405c9,1523
59,polyuniverse_dinco_d6e57fb34f6442032c80,diisocyanate,COc1ccc(OC)c(N(c2ccc(N=C=O)cc2)c2ccc(N=C=O)cc2)c1,0,0,1,formulation_f9ce9ca312f88241,1,combo_65ea34e8298078fa,20260823,0059_polyuniverse_dinco_d6e57fb34f6442032c80,初始结构/0059_polyuniverse_dinco_d6e57fb34f6442032c80.xyz,46,10,MMFF94s,72.6315003813,True,ready,,9e27075c6b4ad036274f54bd225a1a02343509137f2f57f58d56e26401119611,1892
60,polyuniverse_dinco_d99b46b0b115b20a069f,diisocyanate,CC1(C)CC(C)(CN=C=O)C(C2CCCCC2)C(N=C=O)(C2CCCCC2)C1,0,0,1,formulation_6bddf7c8a6a4ea98,1,combo_858c9fd47baeb5f1,20260823,0060_polyuniverse_dinco_d99b46b0b115b20a069f,初始结构/0060_polyuniverse_dinco_d99b46b0b115b20a069f.xyz,66,10,MMFF94s,90.9245625257,True,ready,,aa2cad1710ae3222f6f6971d4d00845b77fcad9ff1a16e2d8655d74092d9fd75,2712
61,polyuniverse_dinco_d9e0e5b183928d0c3023,diisocyanate,CC(C)(N=C=O)c1ccc2c(C(C)(C)N=C=O)cccc2c1,0,0,1,formulation_15ee015efd2bbad4,1,combo_bf668cbd19fccb1d,20260823,0061_polyuniverse_dinco_d9e0e5b183928d0c3023,初始结构/0061_polyuniverse_dinco_d9e0e5b183928d0c3023.xyz,40,10,MMFF94s,47.3368588133,True,ready,,16bc07922eedeb8dba5e2aa1d76a50c3f50e5b5cadd924147d794f8f69ab40bb,1646
62,polyuniverse_dinco_e191aa437a5bb122583c,diisocyanate,CCC(CC12CCC(C1)C(N=C=O)C2)N=C=O,0,0,1,formulation_01148b4094827358,1,combo_6bbc2ea92413a5d9,20260823,0062_polyuniverse_dinco_e191aa437a5bb122583c,初始结构/0062_polyuniverse_dinco_e191aa437a5bb122583c.xyz,35,10,MMFF94s,25.9403660776,True,ready,,ac4d582c2e3876cd30e9bba56d35c2ad2cb89f107956a613711e5a43ed69d132,1441
63,polyuniverse_dinco_e3bd88989ad52de46012,diisocyanate,O=C=Nc1cccc(CC2(N=C=O)CCCCC2)c1,0,0,1,formulation_42a11d6ba7ab69f7,1,combo_8a88e4fbf787ca8f,20260823,0063_polyuniverse_dinco_e3bd88989ad52de46012,初始结构/0063_polyuniverse_dinco_e3bd88989ad52de46012.xyz,35,10,MMFF94s,27.5068519835,True,ready,,be5bd0c0be21cc95e10f93ead4fa757e625487301009294bbda370256734855a,1441
64,polyuniverse_dinco_e6e130471887a66db2b6,diisocyanate,CCOC(N=C=O)(OCC)C(N=C=O)c1ccccc1-c1ccccc1,0,0,1,formulation_5a2af8267f6b2670,1,combo_033d6cac63dc70c6,20260823,0064_polyuniverse_dinco_e6e130471887a66db2b6,初始结构/0064_polyuniverse_dinco_e6e130471887a66db2b6.xyz,46,10,MMFF94s,25.0680669653,True,ready,,a7547344347b1a716c61cdaa3f84a3c658ce3a631ee8ffa238d71fa13eb8d801,1892
65,polyuniverse_dinco_e9c64a150258b8ae2353,diisocyanate,O=C=NC(F)C(F)(F)C(F)(F)N=C=O,0,0,1,formulation_840fb34ecb3264c8,1,combo_4e914e0da486e7cc,20260823,0065_polyuniverse_dinco_e9c64a150258b8ae2353,初始结构/0065_polyuniverse_dinco_e9c64a150258b8ae2353.xyz,15,10,MMFF94s,1.7697460053,True,ready,,5762080f08a5f2b10f7fdc997668a44cc41ed3e378c1efde35f413c003e30ccc,621
66,polyuniverse_dinco_f4a3c1923033f08d5b48,diisocyanate,Cc1c(Cl)cc(N=C=O)cc1C(Cl)(N=C=O)c1ccccc1,0,0,1,formulation_63e10a27d14b29c6,1,combo_ed0df75c87f84636,20260823,0066_polyuniverse_dinco_f4a3c1923033f08d5b48,初始结构/0066_polyuniverse_dinco_f4a3c1923033f08d5b48.xyz,32,10,MMFF94s,30.1041219358,True,ready,,2c1a5657e16ad0c3a93d8f1b9e9effd15ae1101afb22c7c7b94de5b65ee2db6b,1318
67,polyuniverse_dinco_f93d4f580beca33f9619,diisocyanate,O=C=Nc1cc(N=C=O)cc(OCCCCc2ccco2)c1,0,0,1,formulation_4b44e10195f031ce,1,combo_3b600f8fa7ac9162,20260823,0067_polyuniverse_dinco_f93d4f580beca33f9619,初始结构/0067_polyuniverse_dinco_f93d4f580beca33f9619.xyz,36,10,MMFF94s,2.19815781905,True,ready,,76d5aa6396bcc1bed948108e2951fd7652007a34f5bbea4ff67238eb1cd6a59f,1482
68,polyuniverse_dinco_fbadb623a6ef1950d388,diisocyanate,O=C=NC(Cc1ccc2ccccc2c1)C(N=C=O)c1ccc2ccccc2c1,0,0,1,formulation_fa80c1e4ca515e40,1,combo_4810cc1dc9f65dd4,20260823,0068_polyuniverse_dinco_fbadb623a6ef1950d388,初始结构/0068_polyuniverse_dinco_fbadb623a6ef1950d388.xyz,47,10,MMFF94s,75.1565536751,True,ready,,b366ae7f06711d8eacbe99ae3ee2121f275c91062335e1256daeac297d7c758d,1933
69,polyuniverse_dinco_fd5f159552c1f70f915c,diisocyanate,O=C=NCCC(CN(CC(CCN=C=O)([N+](=O)[O-])[N+](=O)[O-])[N+](=O)[O-])([N+](=O)[O-])[N+](=O)[O-],0,0,1,formulation_a65e9216c6b0d199,1,combo_d0e18aed136256d6,20260823,0069_polyuniverse_dinco_fd5f159552c1f70f915c,初始结构/0069_polyuniverse_dinco_fd5f159552c1f70f915c.xyz,42,10,MMFF94s,-108.552875659,True,ready,,26cec28f3691fd67ba81740883794f90ab2acb465650c4d75d4d15287d7cd6d2,1728
70,chemical_0895e6cd5136df6a,macrodiol_proxy,OCCOc1ccc(C2(c3ccc(OCCO)cc3)c3ccccc3-c3ccccc32)cc1,0,0,1,formulation_bacf66d760912377,1,combo_a1fd0af576688e79,20260823,0070_chemical_0895e6cd5136df6a,初始结构/0070_chemical_0895e6cd5136df6a.xyz,59,10,MMFF94s,168.826671581,True,ready,,77b3122b72bb0aa3f3f4d4f2f2a06dd5c05b26cbc6d2f876a8ce85850dcc9b6b,2425
71,chemical_1f862d0fb910ec42,macrodiol_proxy,Oc1ccc(C2(c3ccc(O)cc3)CCCCC2)cc1,0,0,3,formulation_0094c4144426e57f;formulation_6bddf7c8a6a4ea98;formulation_840fb34ecb3264c8,3,combo_4e914e0da486e7cc;combo_858c9fd47baeb5f1;combo_a6db4d5cb8f9f84b,20260823,0071_chemical_1f862d0fb910ec42,初始结构/0071_chemical_1f862d0fb910ec42.xyz,40,10,MMFF94s,46.7027018506,True,ready,,4cb7acc6f7ade62d64553ff97dc959cb14e547fc48c2cc29b80342ac7eaaabd7,1646
72,chemical_34962dac292231e7,macrodiol_proxy,Cc1cc(Cc2cc(C)c(O)c(C)c2)cc(C)c1O,0,0,3,formulation_1d2861c1d37a0b7d;formulation_be53ffd39c7204ae;formulation_fa80c1e4ca515e40,3,combo_355d5baf6345a3cb;combo_4810cc1dc9f65dd4;combo_b183491bf3febf04,20260823,0072_chemical_34962dac292231e7,初始结构/0072_chemical_34962dac292231e7.xyz,39,10,MMFF94s,40.3797376281,True,ready,,6b0fd02591cba6a7d03dca902b9254145802e5191a698374fd64ac798e1fd3f3,1605
73,chemical_3a566be4d64035e3,macrodiol_proxy,Oc1ccc(-c2ccc(O)c(Br)c2)cc1Br,0,0,4,formulation_1b70a1bc7684bc09;formulation_880e21cfce3261df;formulation_ead7404e0f476f44;formulation_fe9da0192caee395,4,combo_10df875417c63772;combo_218eb8068e57083a;combo_2abdfe40f0bc3da1;combo_a503544e84746d5f,20260823,0073_chemical_3a566be4d64035e3,初始结构/0073_chemical_3a566be4d64035e3.xyz,24,10,MMFF94s,33.7569829105,True,ready,,41758ac5eaebacf72e796da69a54af9052d6f16c1cba19f82b3a81c415076814,990
74,chemical_58b2613823466190,macrodiol_proxy,CC(C)(C)c1cc(-c2cc(C(C)(C)C)cc(C(C)(C)C)c2O)c(O)c(C(C)(C)C)c1,0,0,3,formulation_0d06acf6d1cb0f60;formulation_89fc01e595ab936f;formulation_a65e9216c6b0d199,3,combo_d0e18aed136256d6;combo_dfa31a92eb75951a;combo_eb472c6812bd9cfb,20260823,0074_chemical_58b2613823466190,初始结构/0074_chemical_58b2613823466190.xyz,72,10,MMFF94s,114.101457522,True,ready,,a28d727065680a322f106dcfa7270b3b83979d276ea8e3cc5df240ea788c3359,2958
75,chemical_5e814be594638bdc,macrodiol_proxy,OCCCCCCCCCCCCCCCCO,0,0,5,formulation_18123b8fa6d8c211;formulation_42a11d6ba7ab69f7;formulation_a20572398926422e;formulation_e50622a381df8455;formulation_f9835c3b878d6138,5,combo_4fad96892f95dbad;combo_8a88e4fbf787ca8f;combo_d1b6a4901e576f67;combo_dffbf92bd9f549cf;combo_ea8276fc8d74cc19,20260823,0075_chemical_5e814be594638bdc,初始结构/0075_chemical_5e814be594638bdc.xyz,52,10,MMFF94s,4.13007454978,True,ready,,e440dd4fb587c9d45a0767aa159c64ae72cc4d884b59659df531c518758dd6a6,2138
76,chemical_6364c045bd73da83,macrodiol_proxy,Oc1cccc(Oc2ccc(Oc3cccc(O)c3)cc2)c1,0,0,3,formulation_15c071355412fe2d;formulation_4d01b1852205bb9a;formulation_63e10a27d14b29c6,3,combo_09f3fe134ab55878;combo_52772b5446327f2a;combo_ed0df75c87f84636,20260823,0076_chemical_6364c045bd73da83,初始结构/0076_chemical_6364c045bd73da83.xyz,36,10,MMFF94s,42.8752120679,True,ready,,819be02fb7a39e3d5471ce226f8c5013cf1c9ef1ac3d6a6a60af83319a143725,1482
77,chemical_694871d5e95b7370,macrodiol_proxy,Oc1c(F)c(F)c(-c2c(F)c(F)c(O)c(F)c2F)c(F)c1F,0,0,3,formulation_15ee015efd2bbad4;formulation_937be1595bc40ecf;formulation_e537c0a314e29d39,3,combo_6363155d10a46ba8;combo_bf668cbd19fccb1d;combo_f0966c97c6ac9e76,20260823,0077_chemical_694871d5e95b7370,初始结构/0077_chemical_694871d5e95b7370.xyz,24,10,MMFF94s,68.9210653206,True,ready,,e3b502d4bafff68114fe8b0a04623c2d847294f9f5588c69ee48363dd022a2bb,990
78,chemical_986d2a218ca14417,macrodiol_proxy,OCC(F)(F)C(F)(F)C(F)(F)C(F)(F)C(F)(F)C(F)(F)CO,0,0,5,formulation_3267b5076f572703;formulation_6bdeebac2cd102ba;formulation_85e140de55ff1202;formulation_b89358bd089ea8a8;formulation_f9f10d3ade4037a4,5,combo_068a13fff1480b79;combo_a60a2730d59996f6;combo_d6401c51dae2bd86;combo_d7936b994c5d24c6;combo_e11833e33b73dc48,20260823,0078_chemical_986d2a218ca14417,初始结构/0078_chemical_986d2a218ca14417.xyz,28,10,MMFF94s,112.332726169,True,ready,,c60a7ab9bec66acac6de16afb5868e7847943100b5060a1dfa5d8452d7694272,1154
79,chemical_a04b7de5081dd0a5,macrodiol_proxy,CC(C)CC(C)(c1ccc(O)cc1)c1ccc(O)cc1,0,0,2,formulation_3b2ce86adc4e0855;formulation_fc32b1c370cac2c9,2,combo_d7aaf9913fa5f16c;combo_ea71d2215ed62c01,20260823,0079_chemical_a04b7de5081dd0a5,初始结构/0079_chemical_a04b7de5081dd0a5.xyz,42,10,MMFF94s,53.1475110777,True,ready,,04d34528e7832d6136660bf59e09dd3afa9c273ca6fc3e1ac6bae0d48a6aefb1,1728
80,chemical_a2cf8157d0f77432,macrodiol_proxy,OC(c1cccc(C(O)(C(F)(F)F)C(F)(F)F)c1)(C(F)(F)F)C(F)(F)F,0,0,2,formulation_af1abe21c39d8313;formulation_f4acd4ef4d5d7e2f,2,combo_26dc7353ef6eed40;combo_6c95c352bd23c382,20260823,0080_chemical_a2cf8157d0f77432,初始结构/0080_chemical_a2cf8157d0f77432.xyz,32,10,MMFF94s,187.141336849,True,ready,,10f4d92c6bde47c67836301e7dcbe2388abb023dc27bab8760b743c915ea8fb1,1318
81,chemical_b94fa835d3f1bdb8,macrodiol_proxy,CC(C)(CO)C1OCC2(CO1)COC(C(C)(C)CO)OC2,0,0,2,formulation_5a2af8267f6b2670;formulation_a60af4bd9d1ce45c,2,combo_033d6cac63dc70c6;combo_200fbee15196d143,20260823,0081_chemical_b94fa835d3f1bdb8,初始结构/0081_chemical_b94fa835d3f1bdb8.xyz,49,10,MMFF94s,0.134820518635,True,ready,,11f3b00c2832946cac2c469a1f2a67c1fb1523e3dbab67b7bcdd20c3094fa054,2015
82,chemical_e34b1bd2b88ad439,macrodiol_proxy,CC(C)(c1ccc(O)c(C2CCCCC2)c1)c1ccc(O)c(C2CCCCC2)c1,0,0,1,formulation_461e1747022352ae,1,combo_4a2e219998ec9f70,20260823,0082_chemical_e34b1bd2b88ad439,初始结构/0082_chemical_e34b1bd2b88ad439.xyz,65,10,MMFF94s,65.8191421882,True,ready,,689eadc38a5639def92e8b04c3dadd847aece7680003b6a3306b5fcf62abfdb5,2671
83,chemical_e4aa17432292bb19,macrodiol_proxy,Cc1cc2c(cc1O)C(C)(C)CC1(CC(C)(C)c3cc(O)c(C)cc3O1)O2,0,0,2,formulation_4b44e10195f031ce;formulation_d657c942dee289ab,2,combo_3b600f8fa7ac9162;combo_c427afb53246a8c9,20260823,0083_chemical_e4aa17432292bb19,初始结构/0083_chemical_e4aa17432292bb19.xyz,55,10,MMFF94s,49.3446112323,True,ready,,17a42723e10e321fea77e31ccd24371e86a2a6ad17c8f5492671f8f3e5d41c4a,2261
84,chemical_f59a0ec9b5c263ad,macrodiol_proxy,CCCCCCCCC(CO)(CO)CCCCCCCC,0,0,2,formulation_01148b4094827358;formulation_f9ce9ca312f88241,2,combo_65ea34e8298078fa;combo_6bbc2ea92413a5d9,20260823,0084_chemical_f59a0ec9b5c263ad,初始结构/0084_chemical_f59a0ec9b5c263ad.xyz,61,10,MMFF94s,18.3175762863,True,ready,,a34e32377d1b3179bf03e6eadf441293c79e08ef7c47c52f206737a70c198199,2507
85,chemical_ff8d497a35fecaa4,macrodiol_proxy,OC(C(F)(F)F)(C(F)(F)F)C(O)(C(F)(F)F)C(F)(F)F,0,0,7,formulation_0220901f4becf3a1;formulation_260f7c21bbd0186d;formulation_286200806f7e0f3d;formulation_2e2962a70eb4964d;formulation_4a34038f085d0f11;formulation_796efd5f9fd61679;formulation_e5c1846faf0187a0,7,combo_0e94107cf12fcb98;combo_48c965e9f414b6a7;combo_53e7dfe9f020af2e;combo_638f2b4ae55ec11d;combo_6702af594504f562;combo_99b756bb6e259fe2;combo_f9547983ececfb22,20260823,0085_chemical_ff8d497a35fecaa4,初始结构/0085_chemical_ff8d497a35fecaa4.xyz,22,10,MMFF94s,2.73844731424,True,ready,,f5d3d44501c5159ba966012d53e27622350f7cb5285e59d6068b28335d2ad66d,908
