source_id,source_scope_id,source_family_id,source_directory,source_title,canonical_identifier,task,origin_kind,scientific_role,gold_layer,gold_admission_status,source_record_count,material_count,formulation_count,batch_count,specimen_count,run_count,curve_count_observed,curve_count_candidate,scalar_count_observed,scalar_count_candidate,point_count_observed,point_count_candidate,numeric_value_count,evidence_group_count,computational_system_count,source_identity_count_contribution,direct_numeric_total,complete_direct_response_count,valid_derived_scalar_count,invalid_cached_formula_count,known_missing_direct_count,quality_status,weight_ceiling,current_weight_materialized,model_ready_record_count,unit_status,license_status,dedup_status,split_group_status,completeness,citation_keys,audit_basis,notes
ds_smipoly_monomers,v0.1_snapshot_smipoly,family_smipoly,基础数据/smipoly_monomers.csv,SMiPoly公开单体示例,local-export:smipoly_monomers.csv,反应规则约束与虚拟候选生成,虚拟候选,迁移,Gold-V,admitted_reference,1083,1071,,,,,0,0,0,0,0,0,0,0,0,1,,,,,,仅验证,0.0,False,0,不适用,allow_with_attribution,已分组,粗粒度来源家族,v0.1_frozen_source_aggregate,ledger-007-smipoly-2023,数据/快照/TPU数据库_v0.1_快照.json,"1,083 条来源记录规范化为 1,071 个候选结构；候选不是实验性能标签。"
ds_pue326_dq,v0.1_snapshot_pue326,family_pue_dq_matimpute,代码仓库镜像/DQ/experiment/datasets/PUE.csv,DQ固定仓库发布,https://github.com/ai4mat/Deep-learning-quality,交联 PUE 变换后性质辅助,实验,迁移,Gold-E,blocked,326,,,,,,0,0,326,0,0,0,0,0,0,1,,,,,,隔离,0.0,False,0,未解析,manual_review,已分组,已有母集家族键,v0.1_frozen_source_aggregate,ledger-012-xie-2025-matimpute,数据/快照/TPU数据库_v0.1_快照.json,326 行是同一母集的变换后辅助记录，原配方不可恢复，公开视图为 0 行。
ds_prepolymer_viscosity,v0.1_snapshot_prepolymer_viscosity,family_pugar_viscosity,代码仓库镜像/viscosity-modeling/ViscTempData.xlsx,PU预聚体黏度建模固定仓库发布,https://github.com/joepugar/viscosity-modeling,预聚体温度—黏度加工辅助,实验,迁移,Gold-E,blocked,39,39,39,,,39,39,0,0,0,4559,0,4559,0,0,1,,,,,,隔离,0.0,False,0,已解析,manual_review,未见精确重复,配方键部分可用,v0.1_frozen_source_aggregate,ledger-004-pugar-2025-viscosity,数据/快照/TPU数据库_v0.1_快照.json,39 个配方与 39 条温度—黏度曲线一一对应；许可未闭合。
ds_eom_hbond_2021,v0.1_snapshot_eom_hbond,family_eom2021,外部数据/TPU_HBond_2021_Source_Main.xlsx,Eom 2021 TPU氢键Source Data,doi:10.6084/m9.figshare.12936989.v1,TPU 氢键—温度—力学与曲线派生,实验,TPU核心,Gold-E,admitted_reference,72,,,,,53,53,53,19,19,25972,25972,25991,0,0,1,,,,,,入选,1.0,False,0,部分已解析,allow_with_attribution,未见精确重复,需补配方—批次—试样链,v0.1_frozen_source_aggregate,ledger-018-eom-2021-hbond-tpu,数据/快照/TPU数据库_v0.1_快照.json,53 条曲线与 19 个作者标量已冻结；当前仅 16 条拉伸曲线产生 48 个合法派生端点。
ledger_source_114,scope_acs_figshare_31989433_v1,family_co2_copolyester_puu,ACS_Figshare_二氧化碳共聚酯聚氨酯,Recyclable Thermoplastic Poly(urethane-urea)s with Enhanced Mechanical and Adhesive Properties Derived from CO2-Based Copolyesters,doi:10.1021/acsmacrolett.6c00123.s001,配方/合成/力学文献证据,证据,证据,Not-Gold,evidence_only,3,4,4,,,,0,0,0,0,0,0,0,3,0,1,,,,,,仅验证,0.0,False,0,不适用,manual_review,不适用,粗粒度来源家族,source_aggregate_plus_evidence_groups,ledger-114-kong-2026-co2-copolyester-puu-si,数据/原始/外部数据/新增开放数据/ACS_Figshare_二氧化碳共聚酯聚氨酯/内容审计摘要.json,PDF 证据待双人录入
ledger_source_110,scope_acs_figshare_31429142_v1,family_furan_postdynamic_tpu,ACS_Figshare_呋喃高强聚氨酯,"High-Strength, Tough, Furan-Based Polyurethane Elastomers Achieving Performance and Functionality Upgrades through Postdynamic Cross-Linking",doi:10.1021/acs.macromol.5c03627.s001,高强韧/耗散/恢复文献证据,证据,证据,Not-Gold,evidence_only,5,6,6,,,,0,0,0,0,0,0,0,5,0,1,,,,,,仅验证,0.0,False,0,不适用,manual_review,不适用,粗粒度来源家族,source_aggregate_plus_evidence_groups,ledger-110-yang-2026-furan-tpu-si,数据/原始/外部数据/新增开放数据/ACS_Figshare_呋喃高强聚氨酯/内容审计摘要.json,6 个配方线索但无原始重复曲线
ledger_source_116,scope_acs_figshare_32256977_v1,family_co2_polycarbonate_macrodiol_tpu,ACS_Figshare_聚碳酸酯大分子二醇TPU,One-Pot Synthesis of CO2-Based Polycarbonate Macrodiols: (Propylene Carbonate)/(Ethylene Carbonate) Composition Evolution Versus Physicochemical Performance,doi:10.1021/acsapm.6c00646.s001,CO2 基大分子二醇—TPU性能证据,证据,证据,Not-Gold,evidence_only,4,,,,,,0,0,0,0,0,0,0,4,0,1,,,,,,仅验证,0.0,False,0,不适用,manual_review,不适用,粗粒度来源家族,source_aggregate_plus_evidence_groups,ledger-116-zhong-2026-co2-macrodiol-tpu-si,数据/原始/外部数据/新增开放数据/ACS_Figshare_聚碳酸酯大分子二醇TPU/内容审计摘要.json,表头/脚注与重复编号待人工复原
ledger_source_112,scope_acs_figshare_31614502_v1,family_polyimide_upcycled_chain_extender,ACS_Figshare_聚酰亚胺回收链扩剂PU,Upcycling of Polyimide for the Preparation of a High-Performance Polyurethane Chain Extender,doi:10.1021/acsapm.5c04872.s001,回收链扩剂—PU性能证据,证据,证据,Not-Gold,evidence_only,5,5,5,,,,0,0,0,0,0,0,0,5,0,1,,,,,,仅验证,0.0,False,0,不适用,manual_review,不适用,粗粒度来源家族,source_aggregate_plus_evidence_groups,ledger-112-guo-2026-polyimide-chain-extender-si,数据/原始/外部数据/新增开放数据/ACS_Figshare_聚酰亚胺回收链扩剂PU/内容审计摘要.json,5 个配方线索；二手比较表不作本研究样本
ledger_source_118,scope_acs_figshare_32567339_v1,family_hbond_nanostructured_tpe,ACS_Figshare_氢键纳米结构TPU,Design of Sustainable and High Strength-Toughness Thermoplastic Elastomer via a Strong Hydrogen Bond-Reinforced Nanostructure,doi:10.1021/acs.macromol.6c00352.s001,氢键程度—热/力学证据,证据,证据,Not-Gold,evidence_only,4,7,7,,,,0,0,0,0,0,0,0,4,0,1,,,,,,仅验证,0.0,False,0,不适用,manual_review,不适用,粗粒度来源家族,source_aggregate_plus_evidence_groups,ledger-118-wei-2026-hbond-nanostructure-si,数据/原始/外部数据/新增开放数据/ACS_Figshare_氢键纳米结构TPU/内容审计摘要.json,7 个配方线索；破折号必须保留为缺失
ledger_source_106,scope_acs_figshare_29074233_v1,family_tpu_dual_phase_evolution,ACS_Figshare_双相演化聚氨酯,Capturing Robust and Tough Thermoplastic Polyurethane Elastomers via Engineering Dual-Phase Evolution Rather than Chain Extenders,doi:10.1021/acsmaterialslett.5c00732.s001,双相演化—氢键—力学证据,证据,证据,Not-Gold,evidence_only,4,5,5,,,,0,0,0,0,0,0,0,4,0,1,,,,,,仅验证,0.0,False,0,不适用,manual_review,不适用,粗粒度来源家族,source_aggregate_plus_evidence_groups,ledger-106-lu-2025-dual-phase-tpu-si,数据/原始/外部数据/新增开放数据/ACS_Figshare_双相演化聚氨酯/内容审计摘要.json,5 个配方线索；无原始曲线
ledger_source_108,scope_acs_figshare_31333274_v1,family_tpu_scpla_stereocomplex,ACS_Figshare_PLA立构复合TPU,Stiff Yet Elastic Thermoplastic Polyurethanes Based on Nanoconfined Stereocomplexation in PLA Interphases,doi:10.1021/acs.macromol.5c03502.s001,立构复合界面—热/力学证据,证据,证据,Not-Gold,evidence_only,5,11,11,,,,0,0,0,0,0,0,0,5,0,1,,,,,,仅验证,0.0,False,0,不适用,manual_review,不适用,粗粒度来源家族,source_aggregate_plus_evidence_groups,ledger-108-xu-2026-scpla-tpu-si,数据/原始/外部数据/新增开放数据/ACS_Figshare_PLA立构复合TPU/内容审计摘要.json,PCL与10个三嵌段线索；无机器可读力学表
ledger_source_104,scope_acs_figshare_28906446_v1,family_tpu_hard_segment_aggregation,ACS_Figshare_TPU退火硬段聚集,Manipulating the Mechanical Properties of Thermoplastic Polyurethane via Regulating Hard Segment Aggregation,doi:10.1021/acs.macromol.5c00142.s001,退火—硬段聚集—性能证据,证据,证据,Not-Gold,evidence_only,3,,,,,21,0,0,0,0,0,0,0,3,0,1,,,,,,仅验证,0.0,False,0,不适用,manual_review,不适用,粗粒度来源家族,source_aggregate_plus_evidence_groups,ledger-104-wang-2025-hard-segment-aggregation-si,数据/原始/外部数据/新增开放数据/ACS_Figshare_TPU退火硬段聚集/内容审计摘要.json,21 个退火温度—时间条件仅作证据
source_agh_lkhz6q,scope_agh_lkhz6q_v1,family_agh_biopolyol_rpuf,AGH_低石化多元醇硬质PU泡沫,降低石化多元醇含量的硬质聚氨酯泡沫数据,doi:10.58032/AGH/LKHZ6Q,生物基硬质PU泡沫候选元数据,证据,证据,Not-Gold,evidence_only,1,,,,0,0,0,0,0,0,0,0,0,1,0,1,,,,,,隔离,0.0,False,0,未解析,blocked_access,未知,粗粒度来源家族,metadata_only,ledger-068-zakrzewska-2026-rpuf-data,数据/原始/外部数据/新增开放数据/AGH_低石化多元醇硬质PU泡沫/内容审计摘要.json,8/9 远端文件受限；本地测量单元为0
source_bath_00385,scope_bath_00385_dataset,family_bath_commercial_pu_foams,Bath_多牌号PU泡沫多模态表征,三种商用聚氨酯泡沫多模态力学与表征数据,doi:10.15125/BATH-00385,商业PU泡沫多模态迁移候选,证据,证据,Not-Gold,evidence_only,10,3,,,,,,0,,0,,0,0,1,0,1,,,,,,隔离,0.0,False,0,未解析,evidence_missing,未知,粗粒度来源家族,metadata_only,ledger-085-dams-2017-pu-foam-data,数据/原始/外部数据/新增开放数据/Bath_多牌号PU泡沫多模态表征/内容审计摘要.json,3 个牌号、10 个远端XLSX；本地原始工作簿为0
source_drum_zf53w893,scope_drum_zf53w893_dataset,family_drum_low_ceiling_tpuu,DRUM_TPUU_低天花板,低天花板温度聚合物TPUU原始数据,doi:10.13020/zf53-w893,低天花板TPUU力学/耗散/回收,实验,TPU核心,Gold-E,admitted_reference,28,4,4,4,28,28,28,28,0,0,113060,113060,679549,0,0,1,,,,,,入选,1.0,False,0,已解析,manual_review,已核验无曲线重复,配方批次试样键完整,source_aggregate_plus_record_curves,ledger-055-meyersohn-2024-low-ceiling-tpuu-data;ledger-056-meyersohn-2024-low-ceiling-tpuu,数据/原始/外部数据/新增开放数据/DRUM_TPUU_低天花板/内容审计摘要.json;数据/原始/外部数据/新增开放数据/DRUM_TPUU_低天花板/曲线审计清单.tsv,4个材料代码定量配方仍需正文/SI解码
source_drum_05ek6k60,scope_drum_05ek6k60_dataset,family_drum_recyclable_tpuu,DRUM_TPUU_机械回收,可机械竞争且可化学回收TPUU原始数据,doi:10.13020/05ek-6k60,可回收TPUU力学/耗散/回收,实验,TPU核心,Gold-E,admitted_reference,158,26,26,27,158,158,158,157,0,0,779948,,3140322,0,0,1,,,,,,入选,1.0,False,0,部分已解析,manual_review,已核验无曲线重复,配方批次试样键完整,source_aggregate_plus_record_curves,ledger-053-pfau-cloud-2024-recyclable-tpuu-data;ledger-054-batiste-2024-recyclable-tpuu,数据/原始/外部数据/新增开放数据/DRUM_TPUU_机械回收/内容审计摘要.json;数据/原始/外部数据/新增开放数据/DRUM_TPUU_机械回收/曲线审计清单.tsv,148条核心TPUU曲线；9条对照/桥接曲线降权，1条橡皮筋对照置零
source_figshare_14279117_v1,scope_figshare_14279117_v1,family_castor_aliphatic_pu,Figshare_蓖麻油脂肪族PU化学性能,蓖麻油与脂肪族二异氰酸酯聚氨酯化学性能图表数据,doi:10.6084/m9.figshare.14279117.v1,生物基PU配方/性能候选,证据,证据,Not-Gold,evidence_only,9,0,0,0,0,0,0,0,0,0,0,0,0,1,0,1,,,,,,隔离,0.0,False,0,未解析,manual_review,未知,粗粒度来源家族,metadata_only_broken_local_file,ledger-073-uscategui-2021-castor-pu-data;ledger-074-uscategui-2021-castor-pu,数据/原始/外部数据/新增开放数据/Figshare_蓖麻油脂肪族PU化学性能/内容审计摘要.json,目标Table_1.xls本地为0字节，不能伪造记录
source_figshare_31552786_v1,scope_figshare_31552786_v1,family_pu_atom_economy_upcycling,Figshare_热固PU原子经济升级回收,商品热固性聚氨酯原子经济升级回收源数据,doi:10.6084/m9.figshare.31552786.v1,热固PU解聚/再生/黏接迁移,实验,迁移,Gold-E,admitted_reference,28,1,3,3,,9,,,,,,,5423004,0,0,1,,,,,,降权,0.25,False,0,部分已解析,manual_review,已建立跨表血缘,粗粒度来源家族,source_aggregate_workbook,ledger-069-zhu-2026-pu-upcycling-data;ledger-070-huang-2026-pu-upcycling,数据/原始/外部数据/新增开放数据/Figshare_热固PU原子经济升级回收/数据审计摘要.json,数值单元不能当配方或试样；公开表主要是批次汇总
source_figshare_21716516_v1,scope_figshare_21716516_v1,family_shpu_iontronic_adhesive,Figshare_自愈离子胶黏PU源数据,自愈离子胶黏超分子聚氨酯源数据,doi:10.6084/m9.figshare.21716516.v1,自愈/界面/器件多任务迁移,实验,迁移,Gold-E,admitted_reference,18,4,3,,,,,,,,,,143915,0,0,1,,,,,,降权,0.2,False,0,部分已解析,manual_review,部分已核验,粗粒度来源家族,source_aggregate_workbook,ledger-071-gao-2022-shpu-source-data;ledger-072-gao-2023-iontronic-adhesives,数据/原始/外部数据/新增开放数据/Figshare_自愈离子胶黏PU源数据/内容审计摘要.json,明确PE10/GY3/GY5/GY7标签但多材料器件体系不可按单元格计样本
ledger_source_048,scope_figshare23635998_v1,family_relaxation,Figshare_PU高低速变形后应力松弛,Data from Stress Relaxation after Low- and High-Rate Deformation of Polyurethanes,doi:10.6084/m9.figshare.23635998.v1,PU温度/速率/松弛迁移,混合,迁移,Gold-E+Gold-C,admitted_reference,108,2,,,,38,108,108,0,0,1459510,1459510,1459510,0,0,1,,,,,,降权,0.25,False,0,部分已解析,manual_review,需进一步视图去重,粗粒度来源家族,source_aggregate_plus_record_curves,ledger-048-commins-2023-relaxation-data,数据/原始/外部数据/新增开放数据/Figshare_PU高低速变形后应力松弛/内容审计摘要.json;数据/原始/外部数据/新增开放数据/Figshare_PU高低速变形后应力松弛/曲线审计清单.tsv,108条曲线实例无物理试样ID；四个高密度视图占92%
source_jagiellonian_tyapfm,scope_jagiellonian_tyapfm_dataset,family_hard_segment_aimd,Jagiellonian_硬段从头算MD,聚氨酯弹性体硬段从头算MD原始数据,doi:10.57903/UJ/TYAPFM,硬段量化/AIMD表示与氢键机理,模拟,迁移,Gold-C,admitted_reference,4,0,0,0,0,4,0,0,0,0,466,0,466,0,4,1,,,,,,降权,0.15,False,0,坐标单位未解析,manual_review,已核验,体系协议键可用,source_aggregate_plus_system_records,ledger-061-didovets-2026-hard-segment-aimd-data;ledger-062-didovets-2025-hard-segment-aimd,数据/原始/外部数据/新增开放数据/Jagiellonian_硬段从头算MD/内容审计摘要.json;数据/原始/外部数据/新增开放数据/Jagiellonian_硬段从头算MD/XYZ解析清单.tsv,4个体系仅可作拓扑/尺度不变表示，绝对几何QoI当前为0
source_materialscloud_vf_ry,scope_materialscloud_vf_ry_dataset,family_materialscloud_puf_mechanics,MaterialsCloud_商用PU泡沫多轴断裂力学,商用聚氨酯泡沫多轴弹性与断裂原始数据,doi:10.24435/materialscloud:VF-RY,PU泡沫多轴/DIC/断裂迁移,实验,迁移,Gold-E,admitted_reference,74,1,,1,37,37,74,74,0,0,54416,54357,54416,0,0,1,,,,,,降权,0.3,False,0,已解析,manual_review,同试样双通道已绑定,试样键可用,source_aggregate_plus_grouped_curves,ledger-081-rezaei-2026-pu-foam-data,数据/原始/外部数据/新增开放数据/MaterialsCloud_商用PU泡沫多轴断裂力学/内容审计摘要.json;数据/原始/外部数据/新增开放数据/MaterialsCloud_商用PU泡沫多轴断裂力学/曲线审计清单.tsv,37试样对应机器与DIC各37条，不能写成37配方
ledger_source_046,scope_mendeley_byjbmymyhh_v5,family_supermolecular,Mendeley_热可逆超分子PU宽应变率,Mechanical Characterisation and Modelling of a Thermoreversible Superamolecular Polyurethane over a Wide Range of Rates,doi:10.17632/byjbmymyhh.5,PU速率/松弛/DMA流变迁移,实验,迁移,Gold-E,conditional_reference,19,1,1,,,19,19,0,0,0,35919,0,35919,0,0,1,,,,,,仅验证,0.0,False,0,部分已解析,manual_review,同源伴随关系已登记,粗粒度来源家族,source_aggregate_partial_parse,ledger-046-chen-2021-supermolecular-raw,数据/原始/外部数据/新增开放数据/Mendeley_热可逆超分子PU宽应变率/内容审计摘要.json,"19个直接采集与35,919同步点；24 OPJ/3 OPJU/1 MNOVA未解析，当前机械标签为0"
ledger_source_092,scope_mendeley_hc6npzvw3m_v1,family_commercial_tpu_temperature_fatigue,Mendeley_商业TPU温度疲劳多工况,Internship_CSM_XSTRMLAB_Sandor_Habets_2024,doi:10.17632/hc6npzvw3m.1,商业TPU温度/速率/疲劳与恢复,实验,迁移,Gold-E,admitted_reference,196,5,,,190,196,196,196,0,0,333492,333492,333492,0,0,1,,,,,,降权,0.35,False,0,已解析,manual_review,恢复曲线复用试样ID,试样键可用,source_aggregate_plus_record_curves,ledger-092-habets-2024-commercial-tpu-data,数据/原始/外部数据/新增开放数据/Mendeley_商业TPU温度疲劳多工况/内容审计摘要.json;数据/原始/外部数据/新增开放数据/Mendeley_商业TPU温度疲劳多工况/曲线审计清单.tsv,5个TPU牌号、190物理试样、196历史；另99条TPV历史只作类比
source_mendeley_2sp8fyvhfm_v3,scope_mendeley_2sp8fyvhfm_v3,family_mendeley_aged_vegetable_puf,Mendeley_植物基PU泡沫温湿老化压缩,植物基聚氨酯泡沫温湿老化压缩原始数据,doi:10.17632/2sp8fyvhfm.3,PU泡沫温湿老化/压缩/DIC迁移,实验,迁移,Gold-E,admitted_reference,90,1,,9,90,90,90,88,0,0,360176,,360176,0,0,1,,,,,,降权,0.35,False,0,已解析,manual_review,两组精确重复已分组,试样键可用,source_aggregate_plus_record_curves,ledger-084-pires-da-silva-2023-aged-puf-data,数据/原始/外部数据/新增开放数据/Mendeley_植物基PU泡沫温湿老化压缩/内容审计摘要.json;数据/原始/外部数据/新增开放数据/Mendeley_植物基PU泡沫温湿老化压缩/曲线审计清单.tsv,90试样中默认88可用；同一未知配方不扩大化学空间
ledger_source_093,scope_mendeley_dbzdkz95f8_v1,family_fdm_tpu_cellular_mechanics,Mendeley_FDM_TPU晶格与基材力学,Experimental and Numerical Data for FDM-Printed PLA and TPU Cellular Structures under Compression and Bending,doi:10.17632/dbzdkz95f8.1,FDM TPU晶格/基材力学迁移,实验,迁移,Gold-E,admitted_reference,1282,1,,,76,76,76,57,1206,935,712240,,712240,0,0,1,,,,,,降权,0.35,False,0,部分已解析,manual_review,无完全重复曲线,试样组键可用,source_aggregate_plus_curve_and_scalar_records,ledger-093-tapia-2026-fdm-tpu-cellular-data,数据/原始/外部数据/新增开放数据/Mendeley_FDM_TPU晶格与基材力学/内容审计摘要.json;数据/原始/外部数据/新增开放数据/Mendeley_FDM_TPU晶格与基材力学/曲线审计清单.tsv;数据/原始/外部数据/新增开放数据/Mendeley_FDM_TPU晶格与基材力学/标量审计清单.tsv,57条曲线和935条标量通过来源汇总选择；其余冲突或未选
source_mendeley_x6b72k59xn_v1,scope_mendeley_x6b72k59xn_v1,family_dynamic_pu_foam,Mendeley_PU泡沫动态力学_精选表,温度依赖高应变率开孔聚氨酯泡沫数据,doi:10.17632/x6b72k59xn.1,PU泡沫温度/速率/吸能迁移,实验,迁移,Gold-E,conditional_reference,26,2,,,,14,14,2,105,0,32982,3275,33087,0,0,1,,,,,,仅验证,0.0,False,0,单位未解析,manual_review,复制列已识别,粗粒度来源家族,source_aggregate_partial_download,ledger-065-morrison-2023-dynamic-pu-foam-data,数据/原始/外部数据/新增开放数据/Mendeley_PU泡沫动态力学_精选表/内容审计摘要.json,绝对应力/模量/韧性/能量吸收当前硬零；仅Time/Force/Stroke与无量纲形状可审计
source_mendeley_wfsm6f9rbn_v1,scope_mendeley_wfsm6f9rbn_v1,family_sls_tpu,Mendeley_SLS_TPU工艺力学,SLS热塑性聚氨酯工艺与力学数据,doi:10.17632/wfsm6f9rbn.1,SLS TPU工艺—拉伸迁移,实验,迁移,Gold-E,admitted_reference,350,1,,,350,75,350,348,,,1787452,,1787452,0,0,1,,,,,,降权,0.35,False,0,部分已解析,manual_review,科学序列与文件重复已分组,工艺序列与试样键可用,source_aggregate,ledger-059-ciobotaru-2023-sls-tpu-data;ledger-060-ciobotaru-2024-sls-tpu,数据/原始/外部数据/新增开放数据/Mendeley_SLS_TPU工艺力学/内容审计摘要.json,单一EOS TPU1301；350试样/完整曲线来自75序列，2条负模量记录隔离
ledger_source_025,scope_tpu95a_mendeley_local_mirror,family_tpu95a,Mendeley_TPU95A_TPMS应变率力学,Strain Rate Dependent Mechanical Performance of 3D-Printed Isotropic TPMS-Based Lattices in Thermoplastic Polyurethane,doi:10.17632/mc6zh4cwhf.2,TPU95A应变率/松弛/几何迁移镜像,实验,迁移,Gold-E,blocked,12,1,,,12,12,12,0,0,0,47065,0,47065,0,0,1,,,,,,隔离,0.0,False,0,部分已解析,manual_review,与既有12曲线逐字节重复,粗粒度来源家族,source_aggregate_plus_record_curves,ledger-025-xu-2026-tpu95a,数据/原始/外部数据/新增开放数据/Mendeley_TPU95A_TPMS应变率力学/内容审计摘要.json;数据/原始/外部数据/新增开放数据/Mendeley_TPU95A_TPMS应变率力学/曲线解析清单.tsv,新目录增量科学样本为0
ledger_source_094,scope_mendeley_kysnxmy7xw_v1,family_tpu_experiment_simulation_curves,Mendeley_TPU实验仿真曲线,S-S Curve for TPU Experiment,doi:10.17632/kysnxmy7xw.1,TPU实验—仿真曲线对照,混合,迁移,Gold-E+Gold-C,admitted_reference,16,1,,,3,16,16,16,0,0,150462,150462,150462,0,1,1,,,,,,降权,0.35,False,0,部分已解析,manual_review,三重复公共点已识别,试样与仿真家族键可用,source_aggregate_plus_record_curves,ledger-094-mohd-azli-2023-tpu-curve-data,数据/原始/外部数据/新增开放数据/Mendeley_TPU实验仿真曲线/内容审计摘要.json;数据/原始/外部数据/新增开放数据/Mendeley_TPU实验仿真曲线/曲线审计清单.tsv,3条独立实验曲线；13条仿真曲线同一家族且协议不完整，仿真任务上限0.05
ledger_source_103,scope_mendeley_7zcd9bmmg5_v1,family_mendeley_tpu_compression_doe,Mendeley_TPU压缩打印DOE,Impact of Infill and Shell Design Features on Compression Stiffness in Material Extrusion of Thermoplastic Urethane,doi:10.17632/7zcd9bmmg5.1,打印工艺/几何—离散压缩响应,实验,迁移,Gold-E,admitted_reference,184,2,,,184,184,0,0,2664,1356,0,0,2796,0,0,1,1500,1372,1292,4,4,降权,0.35,False,0,部分已解析,manual_review,公式与直接值已分离,需物化DOE组键,source_aggregate_plus_scalar_records,ledger-103-wentz-2022-tpu-compression-doe-data,数据/原始/外部数据/新增开放数据/Mendeley_TPU压缩打印DOE/内容审计摘要.json;数据/原始/外部数据/新增开放数据/Mendeley_TPU压缩打印DOE/曲线审计清单.tsv,184物理试样；无连续曲线。direct_numeric_total=1500含载荷/面积等输入，不能全部当响应；complete_direct_response=1372=主候选直接响应1356+4个实心立方体对照试样产生的16个完整直接响应；valid_derived=1292；invalid_cached_pseudo_zero=4；missing_direct=4。scalar_count_observed=2664=1372+1292，仅计有效科学标量表示；scalar_count_candidate=1356，排除4个对照试样的16个响应、派生换算、伪零与缺失，避免重复监督
source_github_pcl_supplementary_cg,scope_pcl_git_lfs_supplement_local,family_pcl_soft_segment_cg,PCL_GitLFS轨迹补采,PCL系统粗粒化模型Git LFS轨迹固定仓库,https://github.com/pbacova/PCL_Supplementary_material_systematic_CG,PCL软段CGMD轨迹来源闭包,模拟,迁移,Gold-C,conditional_reference,10,0,0,0,0,10,0,0,0,0,10569,0,10569,0,1,0,,,,,,隔离,0.0,False,0,已解析,license_missing,与母来源同家族不重复计源,运行键完整,source_aggregate_plus_run_records,ledger-099-bacova-2025-pcl-soft-segment-data;ledger-100-bacova-2025-pcl-cg,数据/原始/外部数据/新增开放数据/PCL_GitLFS轨迹补采/内容审计摘要.json;数据/原始/外部数据/新增开放数据/PCL_GitLFS轨迹补采/轨迹审计清单.tsv,10个LFS载荷补采；同一DOI/固定树，独立来源贡献为0；权利缺口只阻断训练与再分发，不抹去固定版本轨迹的Gold-C条件参考身份
source_qub_83fdb865,scope_qub_83fdb865_dataset,family_qub_triple_self_healing_tpu,QUB_生物基三重自修复TPU,生物基三重自修复热塑性聚氨酯源数据,doi:10.17034/83fdb865-0ead-4c8b-81d2-59265a8810f3,生物基自愈TPU力学/循环/器件,实验,TPU核心,Gold-E,admitted_reference,79,4,4,,41,68,79,68,0,0,234822,224733,224733,0,0,1,,,,,,入选,1.0,False,0,部分已解析,manual_review,11条跨文件重复已隔离,配方与试样键可用,source_aggregate_plus_record_curves,ledger-075-griggs-2024-triple-healing-tpu-data;ledger-076-griggs-2024-triple-healing-tpu,数据/原始/外部数据/新增开放数据/QUB_生物基三重自修复TPU/内容审计摘要.json,41条本体单调拉伸独立试样；68条去重数值曲线
source_sciencedb_j00189_00045,scope_sciencedb_j00189_00045_dataset,family_sciencedb_microcellular_pu,ScienceDB_微孔PU动态力学,聚氨酯微孔弹性体动态压缩与抗冲击数据,doi:10.57760/sciencedb.j00189.00045,微孔PU冲击实验—仿真迁移,混合,迁移,Gold-E+Gold-C,admitted_reference,27,3,,,9,27,27,27,0,0,,,183689,0,1,1,,,,,,降权,0.3,False,0,部分已解析,manual_review,传感器通道与物理条件已分离,条件级键可用,source_aggregate,ledger-057-jiang-2024-microcellular-pu-data;ledger-058-zhao-2024-microcellular-pu,数据/原始/外部数据/新增开放数据/ScienceDB_微孔PU动态力学/内容审计摘要.json,9个物理条件/18通道；跌落11实验曲线+16模拟曲线
source_sciencedb_26393,scope_sciencedb_26393_v1,family_sciencedb_tpu_anf,ScienceDB_TPU芳纶纳米纤维能量吸收,3D打印TPU/芳纶纳米纤维多级结构图像数据,doi:10.57760/sciencedb.26393,TPU/ANF形貌证据与视觉候选,证据,证据,Not-Gold,evidence_only,19,,,,,,0,0,0,0,0,0,0,19,0,1,,,,,,仅验证,0.0,False,0,不适用,manual_review,19图哈希唯一,粗粒度来源家族,image_evidence_only,ledger-067-zhang-2025-tpu-anf-data,数据/原始/外部数据/新增开放数据/ScienceDB_TPU芳纶纳米纤维能量吸收/内容审计摘要.json;数据/原始/外部数据/新增开放数据/ScienceDB_TPU芳纶纳米纤维能量吸收/图像解析清单.tsv,无逐图配方/倍率/标尺/试样映射
source_snd_2024_267_v1,scope_snd_2024_267_v1,family_tpu_printed_conductive_tracks,SND_TPU导电轨迹循环拉伸,屏印可拉伸导电轨迹在TPU上的循环应变数据,doi:10.5878/tc7g-1056,TPU基底导电轨迹工艺—电阻保持,实验,迁移,Gold-E,admitted_reference,288,1,,,,24,0,0,288,283,0,0,283,0,0,1,,,,,,降权,0.4,False,0,已解析,manual_review,已核验,条件级键可用,source_aggregate_plus_scalar_groups,ledger-066-ahmad-2019-tpu-conductive-tracks-data,数据/原始/外部数据/新增开放数据/SND_TPU导电轨迹循环拉伸/内容审计摘要.json;数据/原始/外部数据/新增开放数据/SND_TPU导电轨迹循环拉伸/电阻表解析清单.tsv,24条件、288理论格点、283有效电阻与5缺失；无纯TPU力学
source_texas_zyq5z1,scope_texas_zyq5z1_dataset,family_texas_single_pu_fiber,Texas_湿干单根电纺PU纤维力学,湿干条件下单根电纺聚氨酯纤维非线性力学数据,doi:10.18738/T8/ZYQ5Z1,单根PU纤维湿干非线性/恢复迁移,实验,迁移,Gold-E,admitted_reference,38,1,,,38,38,646,646,38,38,53846,53846,,0,0,1,,,,,,降权,0.3,False,0,已解析,manual_review,分段绑定同一纤维,纤维试样键可用,source_aggregate_plus_specimen_records,ledger-083-madariaga-2026-single-pu-fiber-data,数据/原始/外部数据/新增开放数据/Texas_湿干单根电纺PU纤维力学/内容审计摘要.json,646加载/恢复分段属于38根纤维，不是646试样
ledger_source_041,scope_zenodo14983287,family_elastomer_framework,Zenodo_标准化弹性体表征,A Standardized Elastomer Characterization Framework for Soft Robotics—Accompanying Dataset,doi:10.5281/zenodo.14983287,商业TPE力学/松弛/热学/流变迁移,实验,迁移,Gold-E,admitted_reference,42,2,,,,42,42,42,0,0,1341840,1341840,1341840,0,0,1,,,,,,降权,0.35,False,0,已解析,manual_review,材料与曲线已核验,粗粒度来源家族,source_aggregate_plus_record_curves,ledger-041-roels-2025-elastomer-data,数据/原始/外部数据/新增开放数据/Zenodo_标准化弹性体表征/内容审计摘要.json;数据/原始/外部数据/新增开放数据/Zenodo_标准化弹性体表征/曲线审计清单.tsv,2个目标TPE牌号、42条曲线；跨模态物理试样数未知
ledger_source_095,scope_zenodo_7811383_dataset,family_reactive_cg_polyurea,Zenodo_反应型粗粒化聚脲固化,liuminghao0830/cg-polyurea-curing: Published Version of the CG Model,doi:10.5281/zenodo.7811383,反应型CG聚脲固化复现,模拟,迁移,Gold-C,conditional_reference,1,0,0,0,0,0,0,0,0,0,0,0,0,1,1,1,,,,,,隔离,0.0,False,0,部分已解析,manual_review,已核验,粗粒度来源家族,simulation_input_only,ledger-095-liu-2023-reactive-cg-polyurea-data,数据/原始/外部数据/新增开放数据/Zenodo_反应型粗粒化聚脲固化/内容审计摘要.json;数据/原始/外部数据/新增开放数据/Zenodo_反应型粗粒化聚脲固化/计算观测清单.tsv,只有初始体系/势函数/协议，无轨迹、终态或QoI输出；作为Gold-C复现资产条件参考保留，不能当作性能观测
source_zenodo_19609901,scope_zenodo_19609901_dataset,family_printable_self_healing_pu_bioelectronics,Zenodo_可打印自愈可回收PU生物电子,可打印自愈可回收PEDOT:PSS聚氨酯复合物源数据,doi:10.5281/zenodo.19609901,可打印自愈PU复合物力学/电学迁移,实验,迁移,Gold-E,admitted_reference,30,9,9,,,30,30,30,98,98,155872,155872,311843,0,0,1,,,,,,降权,0.25,False,0,部分已解析,manual_review,未见跨文件完整XY重复,配方状态需同折,source_aggregate,ledger-078-cicoira-2026-printable-pu-data,数据/原始/外部数据/新增开放数据/Zenodo_可打印自愈可回收PU生物电子/内容审计摘要.json,9个材料定义、30曲线/155872点；无试样与重复ID
ledger_source_088,scope_zenodo_5841610_dataset,family_commercial_tpu_multimaterial_gripper,Zenodo_商业TPU多材料打印传感,Fabrication of a Soft Robotic Gripper With Integrated Strain Sensing Elements Using Multi-Material Additive Manufacturing,doi:10.5281/zenodo.5841610,商业TPU打印力学/传感迁移,实验,迁移,Gold-E,admitted_reference,66,,,,,64,66,64,6,6,830958,798936,798942,0,0,1,,,,,,降权,0.35,False,0,部分已解析,manual_review,2条标签冲突精确重复已隔离,材料—协议组键可用,source_aggregate_plus_record_curves,ledger-088-georgopoulou-2021-tpu-gripper-data,数据/原始/外部数据/新增开放数据/Zenodo_商业TPU多材料打印传感/内容审计摘要.json;数据/原始/外部数据/新增开放数据/Zenodo_商业TPU多材料打印传感/曲线审计清单.tsv,26机械+28相对电阻+10辅助电阻候选历史；物理试样总数未知
source_zenodo_21096098,scope_zenodo_21096098_dataset,family_biobased_vinylogous_urethane_vitrimers,Zenodo_生物基共轭氨基甲酸酯玻璃体,生物基共轭氨基甲酸酯玻璃体原始表征与力学数据,doi:10.5281/zenodo.21096098,动态网络/循环利用迁移,实验,迁移,Gold-E,admitted_reference,36,8,8,,20,36,16,16,76,,38953,38953,146299,0,0,1,,,,,,降权,0.2,False,0,部分冲突,manual_review,未见文件重复,配方状态需同折,source_aggregate_plus_grouped_curves,ledger-086-benes-2026-vinylogous-urethane-data,数据/原始/外部数据/新增开放数据/Zenodo_生物基共轭氨基甲酸酯玻璃体/内容审计摘要.json;数据/原始/外部数据/新增开放数据/Zenodo_生物基共轭氨基甲酸酯玻璃体/曲线审计清单.tsv,非PU/TPU；Young模量与韧性单位冲突硬零
ledger_source_097,scope_zenodo_10817092_dataset,family_nipu_reaction_pathways,Zenodo_NIPU反应路径DFT与MD,Dataset of “Fast Carbon Dioxide–Epoxide Cycloaddition Catalyzed by Metal and Metal-Free Ionic Liquids for Designing Non-Isocyanate Polyurethanes”,doi:10.5281/zenodo.10817092,NIPU反应路径DFT机理描述符,模拟,迁移,Gold-C,admitted_reference,28,0,0,0,0,4,0,0,8,8,20,20,28,0,4,1,,,,,,降权,0.25,False,0,已解析,manual_review,驻点按路径聚合,路径键可用,source_aggregate_plus_computational_records,ledger-097-cervinka-2024-nipu-reaction-data,数据/原始/外部数据/新增开放数据/Zenodo_NIPU反应路径DFT与MD/内容审计摘要.json;数据/原始/外部数据/新增开放数据/Zenodo_NIPU反应路径DFT与MD/计算观测清单.tsv,4条路径/20个驻点；不是常规异氰酸酯TPU力学真值
ledger_source_099,scope_zenodo_17790918_dataset,family_pcl_soft_segment_cg,Zenodo_PCL软段构象粗粒化MD,PCL in Vacuum and in Water,doi:10.5281/zenodo.17790918,PCL软段CGMD构象先验,模拟,迁移,Gold-C,conditional_reference,25,0,0,0,0,8,0,0,5,0,17673,0,17678,0,1,1,,,,,,仅验证,0.0,False,0,已解析,manual_review,运行/指针/帧已分离,运行键可用,source_aggregate_plus_computational_records,ledger-099-bacova-2025-pcl-soft-segment-data,数据/原始/外部数据/新增开放数据/Zenodo_PCL软段构象粗粒化MD/内容审计摘要.json;数据/原始/外部数据/新增开放数据/Zenodo_PCL软段构象粗粒化MD/计算观测清单.tsv,归档内8条真实TRR共6396帧；另10指针由同源补采闭包，当前训练仍阻断
source_zenodo_5099589,scope_zenodo_5099589_dataset,family_pu_spallation_md,Zenodo_PTMO_MDI_BDO聚氨酯冲击MD,聚氨酯冲击波与剥落LAMMPS模型,10.5281/zenodo.5099589,PTMO/MDI/BDO聚氨酯冲击MD复现,模拟,迁移,Gold-C,conditional_reference,1,0,0,0,0,0,0,0,0,0,0,0,0,1,1,1,,,,,,隔离,0.0,False,0,已解析,manual_review,已核验,单一体系键可用,simulation_input_only,ledger-101-dewapriya-2021-pu-spallation-data;ledger-102-dewapriya-2021-pu-spallation,数据/原始/外部数据/新增开放数据/Zenodo_PTMO_MDI_BDO聚氨酯冲击MD/内容审计摘要.json;数据/原始/外部数据/新增开放数据/Zenodo_PTMO_MDI_BDO聚氨酯冲击MD/计算观测清单.tsv,607104原子初始体系与输入脚本，无输出轨迹/QoI；作为Gold-C复现资产条件参考保留，不能当作冲击性能标签
ledger_source_043,scope_zenodo6390478,family_microsphere,Zenodo_PU微球复合材料拉伸,Images and Data Accompanying Article: Remarkable Response of Hollow Thermoplastic Microspheres–Elastomer Matrix Composites in Uniaxial Tension,doi:10.5281/zenodo.6390478,PU微球复合滞回/DIC迁移,实验,迁移,Gold-E,admitted_reference,43,6,6,,12,12,43,36,0,0,23922,,23922,0,0,1,,,,,,降权,0.35,False,0,部分已解析,manual_review,派生Post曲线与原始试样分离,试样键可用,source_aggregate_plus_record_curves,ledger-043-coret-2022-microsphere-data,数据/原始/外部数据/新增开放数据/Zenodo_PU微球复合材料拉伸/内容审计摘要.json;数据/原始/外部数据/新增开放数据/Zenodo_PU微球复合材料拉伸/曲线审计清单.tsv,6体积分数/12试样；6条Post均值平滑曲线不增试样
ledger_source_090,scope_zenodo_6128356_dataset,family_tecoflex_niclosamide_catheter,Zenodo_Tecoflex药物复合TPU,A Niclosamide-Releasing Hot-Melt Extruded Catheter Prevents Staphylococcus aureus Experimental Biomaterial-Associated Infection,doi:10.5281/zenodo.6128356,Tecoflex复合TPU力学/多模态迁移,实验,迁移,Gold-E,admitted_reference,98,4,4,,22,,0,0,98,89,12650,10377,10377,0,0,1,,,,,,降权,0.35,False,0,部分冲突,manual_review,固定偏移与重复标量已隔离,试样槽键部分可用,source_aggregate_plus_scalar_records,ledger-090-vazquez-rodriguez-2022-tecoflex-data,数据/原始/外部数据/新增开放数据/Zenodo_Tecoflex药物复合TPU/内容审计摘要.json;数据/原始/外部数据/新增开放数据/Zenodo_Tecoflex药物复合TPU/曲线审计清单.tsv,主工作簿22直接试样槽；跨补充表是否同一试样尚未确认
source_zenodo_20932248,scope_zenodo_20932248_dataset,family_tpu_swcnt_thermoelectric,Zenodo_TPU_SWCNT热电,TPU与SWCNT热电复合材料原始数据,doi:10.5281/zenodo.20932248,TPU/SWCNT热电/导电/IR应用迁移,实验,迁移,Gold-E,admitted_reference,123,15,15,,,123,0,0,123,123,0,0,8037,0,0,1,,,,,,降权,0.6,False,0,部分已解析,manual_review,123文件不当作123配方,配方键可用,source_aggregate_plus_workbook_records,ledger-063-krause-2026-tpu-swcnt-data;ledger-064-zimmerer-2026-tpu-swcnt-preprint,数据/原始/外部数据/新增开放数据/Zenodo_TPU_SWCNT热电/内容审计摘要.json;数据/原始/外部数据/新增开放数据/Zenodo_TPU_SWCNT热电/工作簿解析清单.tsv,15配方=3牌号×1–5wt% SWCNT；纯TPU力学任务上限0.20
ledger_source_039,scope_zenodo15370425,family_constitutive_2025,Zenodo_TPU1301热黏弹黏塑本构,Data of “A Consistent Finite-Strain Thermomechanical Quasi-Nonlinear-Viscoelastic Viscoplastic Constitutive Model for Thermoplastic Polymers”,doi:10.5281/zenodo.15370425,TPU1301实验本构/速率/FE验证,混合,迁移,Gold-E+Gold-C,admitted_reference,193,1,,,80,95,193,179,0,0,5996489,5818564,118177356,0,1,1,,,,,,降权,1.0,False,0,部分已解析,manual_review,对称域分片与重复内容已标记,运行键可用,source_aggregate_plus_record_curves,ledger-039-noels-2025-constitutive-data,数据/原始/外部数据/新增开放数据/Zenodo_TPU1301热黏弹黏塑本构/内容审计摘要.json;数据/原始/外部数据/新增开放数据/Zenodo_TPU1301热黏弹黏塑本构/曲线审计清单.tsv,80身份闭合直接实验运行+4数字化曲线；15唯一FE验证运行
source_zenodo_17883052,scope_zenodo_17883052_dataset,family_tpu_deblocking_dft_ml,Zenodo_TPU回收封端剂DFT与机器学习,TPU回收封端剂键能描述符DFT与机器学习支持数据,doi:10.5281/zenodo.17883052,封端剂DFT描述符—解封温度映射,混合,迁移,Gold-E+Gold-C,admitted_reference,179,21,21,0,0,158,0,0,21,21,0,0,,0,24,1,,,,,,降权,0.5,False,0,已解析,manual_review,24体系与158输出已分层,化合物家族键可用,source_aggregate_plus_compound_and_run_records,ledger-077-rafiq-2026-deblocking-dft-data,数据/原始/外部数据/新增开放数据/Zenodo_TPU回收封端剂DFT与机器学习/内容审计摘要.json;数据/原始/外部数据/新增开放数据/Zenodo_TPU回收封端剂DFT与机器学习/Gaussian解析清单.tsv,21个带实验标签化合物；158 Gaussian输出不是158个独立化学样本
source_fisher_2020_shape_memory_pu,scope_fisher_2020_shape_memory_pu_dataset,family_fisher_shape_memory_pu,DataInBrief_聚氨酯形状记忆多模态原始数据,十二种配方聚氨酯形状记忆网络热机械原始数据,10.1016/j.dib.2020.106294,配方—热机械—循环形状记忆PU迁移,实验,迁移,Gold-E,admitted_reference,109,12,12,,,109,109,109,0,0,975903,974201,,0,0,1,,,,,,降权,0.35,False,0,部分已解析,allow_with_attribution,109曲线唯一且1702个复制尾部点已排除,12个配方家族键可用,source_aggregate_plus_record_curves_and_formulations,ledger-120-fisher-2020-shape-memory-pu-data;ledger-121-kunkel-2018-shape-memory-pu,数据/原始/外部数据/新增开放数据/DataInBrief_聚氨酯形状记忆多模态原始数据/内容审计摘要.json;数据/原始/外部数据/新增开放数据/DataInBrief_聚氨酯形状记忆多模态原始数据/曲线审计清单.tsv;数据/原始/外部数据/新增开放数据/DataInBrief_聚氨酯形状记忆多模态原始数据/配方审计清单.tsv,12个HDI/HPED/TEA交联形状记忆PU配方；61条机械运行不是61个已证实独立试样，另有48条热学曲线；作为Gold-E迁移层保留，不冒充线性TPU核心
source_zenodo_3631551_lignin_tpu,scope_zenodo_3631551_lignin_tpu_dataset,family_lignin_tpu_blends,Zenodo_木质素_TPU多模态数据,木质素与热塑性聚氨酯共混物多模态原始数据,10.5281/zenodo.3631551,木质素—商业TPU共混多模态与前驱体力学迁移,实验,迁移,Gold-E,admitted_reference,51,19,19,,,37,39,22,38,22,106731,92346,38,0,0,1,,,,,,降权,0.2,False,0,部分已解析,allow_with_attribution,39展示曲线中37唯一且2个精确重复已隔离,配方与共享参考家族键可用,source_aggregate_plus_record_curves_scalar_groups_and_formulations,ledger-122-culebras-2018-lignin-tpu-data;ledger-123-culebras-2018-lignin-tpu,数据/原始/外部数据/新增开放数据/Zenodo_木质素_TPU多模态数据/内容审计摘要.json;数据/原始/外部数据/新增开放数据/Zenodo_木质素_TPU多模态数据/曲线审计清单.tsv;数据/原始/外部数据/新增开放数据/Zenodo_木质素_TPU多模态数据/标量审计清单.tsv;数据/原始/外部数据/新增开放数据/Zenodo_木质素_TPU多模态数据/配方审计清单.tsv,Pearlthane ECO 12T95与两类木质素共19个材料/共混身份；22条有标签曲线和22个前驱体力学标量进入Gold-E迁移参考，16条缺标签曲线、精确重复及下游碳纤维结果隔离
source_mdpi_hdi_peg_dual_ff,scope_mdpi_hdi_peg_dual_ff,family_hdi_peg_tpu_forcefield,MDPI_HDI_PEG双力场TPU,HDI–PEG热塑性聚氨酯双力场基准研究,10.3390/molecules31081259,HDI–PEG软段长度—密度—Tg—模量双力场基准,混合,TPU核心,Gold-E+Gold-C,admitted_reference,26,5,5,,,100,0,0,26,26,0,0,52,0,5,1,,,,,,降权,0.65,False,0,已解析,allow_with_attribution,同一PEG体系的双力场与随机种子已按体系归组,DOI+PEG分子量分组且双力场同折,source_aggregate_plus_systems_and_observations,ledger-124-blasina-2026-hdi-peg-tpu-forcefields,数据/原始/外部数据/新增开放数据/MDPI_HDI_PEG双力场TPU/内容审计摘要.json;数据/原始/外部数据/新增开放数据/MDPI_HDI_PEG双力场TPU/计算体系清单.tsv;数据/原始/外部数据/新增开放数据/MDPI_HDI_PEG双力场TPU/计算观测清单.tsv,5个HDI–PEG体系、100个报告种子运行及26个QoI记录；实验汇总逐行归Gold-E，MD逐行归Gold-C，高应变率模量不得冒充准静态实验值。
source_mdpi_mdi_polyether_md,scope_mdpi_mdi_polyether_md,family_mdi_polyether_pu_md,MDPI_MDI聚醚双组分PU分子动力学,MDI/聚醚双组分聚氨酯多尺度分子模拟,10.3390/ma16031006,MDI/聚醚配比—温度—相容性—扩散—弹性描述符,模拟,迁移,Gold-C,admitted_reference,120,4,3,,,16,0,0,120,79,0,0,136,0,4,1,,,,,,降权,0.2,False,0,已解析,allow_with_attribution,μ与G定义重复及低R2扩散项已隔离,DOI+配比同折且温度为运行条件,source_aggregate_plus_systems_and_observations,ledger-125-wang-2023-mdi-polyether-pu-md,数据/原始/外部数据/新增开放数据/MDPI_MDI聚醚双组分PU分子动力学/内容审计摘要.json;数据/原始/外部数据/新增开放数据/MDPI_MDI聚醚双组分PU分子动力学/计算体系清单.tsv;数据/原始/外部数据/新增开放数据/MDPI_MDI聚醚双组分PU分子动力学/计算观测清单.tsv,3个粗粒度PU配方和1个共享纯多元醇参考、16个体系温度条件、120个计算量；79个候选进入Gold-C，原始轨迹和唯一聚醚结构未公开。
source_frontiers_pu_reaxff,scope_frontiers_pu_reaxff,family_pu_reaxff_pyrolysis,Frontiers_PU_ReaxFF热解,聚氨酯ReaxFF热解特征研究,10.3389/fchem.2025.1691308,PU高温ReaxFF热解机理与EHS降解先验,模拟,迁移,Gold-C,admitted_reference,2,1,,,,6,0,0,2,1,0,0,2,0,1,1,,,,,,降权,0.2,False,0,已解析,allow_with_attribution,六温度共同拟合量仅计一个派生目标,单一分子模型的六温度条件全部同折,source_aggregate_plus_systems_and_observations,ledger-126-dong-2025-pu-reaxff-pyrolysis,数据/原始/外部数据/新增开放数据/Frontiers_PU_ReaxFF热解/内容审计摘要.json;数据/原始/外部数据/新增开放数据/Frontiers_PU_ReaxFF热解/计算体系清单.tsv;数据/原始/外部数据/新增开放数据/Frontiers_PU_ReaxFF热解/计算观测清单.tsv,一个PU计算体系、六个1500–3000 K条件；活化能进入Gold-C的EHS任务，相关系数只作质量证据，力学任务权重为0。
source_figshare_31111210_pur_smp_fea,scope_figshare_31111210_pur_smp_fea,family_pur_smp_fea,Figshare_商用PUR形状记忆本构FEA,商业PUR形状记忆力传感器有限元数据,10.6084/m9.figshare.31111210.v3,商业PUR形状记忆材料本构输入与有限元迁移参考,模拟,迁移,Gold-C,conditional_reference,120,4,,,,0,0,0,0,0,0,0,112,4,4,1,,,,,,仅验证,0.0,False,0,部分已解析,allow_with_attribution,4材料各10个Prony项按材料归组,数据集DOI+商业材料ID同折,source_aggregate_plus_systems_and_simulation_inputs,ledger-127-roy-2026-pur-smp-fea-data,数据/原始/外部数据/新增开放数据/Figshare_商用PUR形状记忆本构FEA/内容审计摘要.json;数据/原始/外部数据/新增开放数据/Figshare_商用PUR形状记忆本构FEA/计算体系清单.tsv;数据/原始/外部数据/新增开放数据/Figshare_商用PUR形状记忆本构FEA/计算输入参数清单.tsv,4个商业PUR材料、120个原始材料卡/本构数值标记中112个完整；DOCX无机器可读FEA性能输出，因此Gold-C条件参考准入但候选目标为0。
source_rsc2026_isohexide_dynamic_pu_multiscale,scope_github_poly_mech_props_d2d3229,family_isohexide_dynamic_pu_multiscale,第七批计算_异山梨醇动态聚氨酯多尺度力学,异山梨醇动态聚氨酯多尺度计算数据与结构仓库,https://github.com/pic-ai-robotic-chemistry/poly-mech-props,异山梨醇动态聚氨酯分子断裂—氢键—高应变率力学多尺度参考,模拟,迁移,Gold-C,admitted_reference,202,72,72,,,,131,131,71,71,135159,135159,135230,0,72,1,,,,,,降权,0.2,False,0,已解析,manual_review,72化学设计与202观测按体系和方法归组,固定仓库提交+化学设计ID同折,source_aggregate_plus_systems_and_observations,ledger-128-sheng-2026-poly-mech-props-repository;ledger-129-sheng-2026-dynamic-pu-multiscale,数据/原始/外部数据/新增开放数据/第七批计算_异山梨醇动态聚氨酯多尺度力学/内容审计摘要.json;数据/原始/外部数据/新增开放数据/第七批计算_异山梨醇动态聚氨酯多尺度力学/计算体系清单.tsv;数据/原始/外部数据/新增开放数据/第七批计算_异山梨醇动态聚氨酯多尺度力学/计算观测清单.tsv;数据/原始/外部数据/新增开放数据/第七批计算_异山梨醇动态聚氨酯多尺度力学/计算输入参数清单.tsv,71个DFT断裂力标量、125条分子尺度曲线或分布和6条ReaxFF三轴曲线；仓库无独立许可证，15m/s ReaxFF仅作高应变率代理，不冒充准静态实验真值。
source_mendeley_jp5fztws54_v1,scope_mendeley_jp5fztws54_v1,family_glass_fiber_pu_accelerated_aging,第七批实验_玻纤PU加速老化,玻纤增强聚氨酯复合材料加速老化力学与DMA数据,10.17632/jp5fztws54.1,玻纤增强热固性PU加速老化三点弯曲与DMA迁移参考,实验,迁移,Gold-E,admitted_reference,55,1,1,,,17,55,46,0,0,165556,135352,385698,0,0,1,,,,,,降权,0.45,False,0,已解析,allow_with_attribution,38个三点弯曲曲线出现中9个精确重复已隔离,同一基础材料全部同折,source_aggregate_plus_record_curves,ledger-132-panaitescu-2018-glass-fiber-pu-aging-data;ledger-133-panaitescu-2019-glass-fiber-pu-aging,数据/原始/外部数据/新增开放数据/第七批实验_玻纤PU加速老化/内容审计摘要.json;数据/原始/外部数据/新增开放数据/第七批实验_玻纤PU加速老化/三点弯曲曲线审计清单.tsv;数据/原始/外部数据/新增开放数据/第七批实验_玻纤PU加速老化/DMA运行审计清单.tsv,聚醚多元醇/MDI热固性PU玻纤复合物，不是TPU核心；保留29条唯一三点弯曲曲线和17条DMA温扫，W70_10d缺损耗模量。
source_zenodo_11612378_purgen_fragments,scope_zenodo_11612378_purgen_fragments,family_purgen_virtual_fragments,第七批虚拟_PUR-GEN片段库,PUR-GEN聚氨酯虚拟片段库,10.5281/zenodo.11612378,可追溯聚氨酯虚拟片段结构枚举与候选空间扩展,虚拟候选,迁移,Gold-V,admitted_reference,414,0,0,0,0,0,0,0,0,0,0,0,0,0,0,1,,,,,,仅验证,0.0,False,0,不适用,manual_review,414个规范SMILES和InChIKey均唯一,数据集DOI+规范结构同折,source_aggregate_plus_virtual_candidates,ledger-130-szleper-2024-purgen-data;ledger-131-szleper-2024-purgen,数据/原始/外部数据/新增开放数据/第七批虚拟_PUR-GEN片段库/内容审计摘要.json;数据/原始/外部数据/新增开放数据/第七批虚拟_PUR-GEN片段库/片段审计清单.tsv;数据/原始/外部数据/新增开放数据/第七批虚拟_PUR-GEN片段库/文件校验清单.tsv,414个2–4单元聚氨酯片段全部通过RDKit结构解析并进入Gold-V科学参考；54个片段缺描述符行且数据集未声明许可证，当前不物化训练权重且不公开原始文件，不作为实验性质真值。
source_nature_spore_filled_tpu_source_data,scope_nature_spore_filled_tpu_source_data,family_spore_filled_tpu_biocomposite,第七批补充材料_孢子填充TPU,孢子填充商业TPU原始力学与多模态源数据,doi:10.1038/s41467-024-47132-8#source-data,孢子填充商业聚酯TPU配方—工艺—拉伸—降解多任务参考,实验,TPU核心,Gold-E,admitted_reference,180,12,12,,36,36,36,36,144,144,280288,280288,560720,0,0,1,,,,,,入选,0.8,False,0,已解析,allow_with_attribution,36条配方重复曲线均有独立样本键,论文DOI+孢子类型+添加量按配方同折,source_aggregate_plus_record_curves_scalars_and_formulations,ledger-134-kim-2024-spore-filled-tpu,数据/原始/外部数据/新增开放数据/第七批补充材料_孢子填充TPU/内容审计摘要.json;数据/原始/外部数据/新增开放数据/第七批补充材料_孢子填充TPU/曲线审计清单.tsv;数据/原始/外部数据/新增开放数据/第七批补充材料_孢子填充TPU/标量审计清单.tsv;数据/原始/外部数据/新增开放数据/第七批补充材料_孢子填充TPU/文件校验清单.tsv,BASF Elastollan BCF45聚酯TPU与WT/HST孢子0–1wt%共12条件×3重复；完整工艺与拉伸协议支持高权重配方/曲线任务，缺SMILES与硬段含量时分子结构任务权重为0。
source_zenodo_12585902_polyuniverse_pu,scope_zenodo_12585902_polyuniverse_pu,family_polyuniverse_virtual_polymers,第七批虚拟_PolyUniverse百万PU,PolyUniverse百万聚氨酯虚拟结构与预测性质库,10.5281/zenodo.12585902,规则生成聚氨酯百万结构、机器学习多性质预测与二异氰酸酯单体候选库,虚拟候选,迁移,Gold-V,admitted_reference,1021717,0,0,0,0,0,0,0,15000000,15000000,0,0,15000000,0,0,1,,,,,,仅验证,0.0,False,0,部分已解析,allow_with_attribution,1000000个p-SMILES唯一；21717条单体原始行经严格SMARTS与规范结构去重为12072个exact-diNCO，其中13个与既有Gold-V结构重合不重复物化,数据集DOI+反应物对/规范单体结构同折,source_aggregate_plus_virtual_prediction_reservoir_plus_diinco_candidates,ledger-135-yue-2024-polyuniverse-data;ledger-136-yue-2024-polyuniverse;ledger-137-yue-polyuniverse-code,数据/原始/外部数据/新增开放数据/第七批虚拟_PolyUniverse百万PU/审计摘要.json;数据/原始/外部数据/新增开放数据/第七批虚拟_PolyUniverse百万PU/列统计.tsv;数据/原始/外部数据/新增开放数据/第七批虚拟_PolyUniverse百万PU/SMILES质量.tsv;数据/原始/外部数据/新增开放数据/第七批虚拟_PolyUniverse百万PU/预测标签分布.tsv;数据/原始/外部数据/新增开放数据/第七批虚拟_PolyUniverse百万PU/字段字典.tsv;数据/原始/外部数据/新增开放数据/第七批虚拟_PolyUniverse百万PU/异氰酸酯单体审计摘要.json;数据/原始/外部数据/新增开放数据/第七批虚拟_PolyUniverse百万PU/异氰酸酯候选去重映射.tsv,100万条规则生成PU结构与1500万个机器学习预测标签进入Gold-V科学参考；另补齐同一Zenodo固定版本的PubChem_diNCO与GDB-17_diNCO原件。严格结构跨文件去重为9332个，扣除与既有Gold-V重合后新增9319个正式候选；另2740个exact-diNCO因多碎片、电荷或元素边界进入条件参考。NCS、混合、其它与7条解析失败只留审计，不因文件名伪装成二异氰酸酯。所有虚拟结构与预测均为零实验监督权重。
ledger_source_034,tpu_literature_ftntxg4zdz_deposit,family_tpu_literature,第八批实验_TPU文献力学汇总,Literature Database in Mechanical Characteristic of Thermoplastic Polyurethane,doi:10.17632/ftntxg4zdz.1,TPU加工方式—Shore硬度—拉伸强度—断裂伸长率文献迁移参考,实验,迁移,Gold-E,conditional_reference,62,0,0,,0,,0,0,186,186,0,0,186,45,0,1,,,,,,仅验证,0.0,False,0,已解析,allow_with_attribution,62行无精确重复；同一引用的多行按45个引用组归并,数据集DOI加引用文本哈希同折,source_aggregate_plus_literature_scalar_records,ledger-034-viccica-2023-tpu-literature,数据/原始/外部数据/新增开放数据/第八批实验_TPU文献力学汇总/内容审计摘要.json;数据/原始/外部数据/新增开放数据/第八批实验_TPU文献力学汇总/标量审计清单.tsv;数据/原始/外部数据/新增开放数据/第八批实验_TPU文献力学汇总/文件校验清单.tsv,62条FDM、SLS、MJF或注塑TPU文献/商业数据表汇总，含186个硬度、强度和伸长率数值； 没有原始试样、配方、牌号化学结构和完整测试协议，因此进入Gold-E条件参考并按45个引用组防泄漏， 后续经原论文解析后单任务权重上限可升至0.10–0.20，化学结构任务保持0。
source_zenodo_18414263_pu_pyrolysis,scope_zenodo_18414263_pu_pyrolysis,family_copper_coordinated_pu_pyrolysis,第八批混合_PU铜调控热解多尺度,铜配位调控废聚氨酯热解实验与DFT多尺度数据,10.5281/zenodo.18414263,废聚氨酯铜配位热解实验—动力学—产物—DFT机理多保真参考,混合,迁移,Gold-E+Gold-C,admitted_reference,439,1,0,,0,14,26,26,411,319,140952,140947,263503,0,6,1,,,,,,降权,0.25,False,0,部分已解析,allow_with_attribution,曲线通道、动力学标量和DFT体系分别归组；重复展示块及派生差值不增加独立计数,数据集DOI加单一商业PU基材同折；六个DFT分子状态与同源实验不得跨折冒充独立材料,source_aggregate_plus_experimental_curves_scalars_and_dft_observations,ledger-138-zhang-2026-copper-pu-pyrolysis-data;ledger-139-zhang-2026-copper-pu-pyrolysis,数据/原始/外部数据/新增开放数据/第八批混合_PU铜调控热解多尺度/内容审计摘要.json;数据/原始/外部数据/新增开放数据/第八批混合_PU铜调控热解多尺度/实验曲线审计清单.tsv;数据/原始/外部数据/新增开放数据/第八批混合_PU铜调控热解多尺度/计算观测清单.tsv;数据/原始/外部数据/新增开放数据/第八批混合_PU铜调控热解多尺度/文件校验清单.tsv,一个商业聚氨酯漆包线基材的TGA/DTG、热解动力学、EDS、Py-GC/MS、FTIR与DFT反应路径/静电势联合数据； 可靠实验和计算结果分别进入Gold-E与Gold-C，用于热稳定性、降解机理和EHS迁移，不因缺SMILES、完整配方或力学标签而整体排除。 20摄氏度每分钟条件、950摄氏度上限、EDS元素标签、差值符号、路径数和FTIR横轴等工作簿—正文冲突均保留QA标志； 直接TPU力学监督权重固定为0，曲线点、静电势网格和同一体系的多方法动力学估计不得当独立材料样本计权。
source_figshare_31550614_sls_tpu_lattice,scope_figshare_31550614_sls_tpu_lattice,family_sls_tpu_lattice_cushion_process,第八批实验_SLS_TPU晶格工艺,SLS工艺参数—TPU晶格坐垫性能逐试件数据,10.6084/m9.figshare.31550614.v1,商业TPU的SLS工艺—Kelvin晶格—坐垫性能逐试件迁移参考,实验,迁移,Gold-E,admitted_reference,375,1,0,,75,75,0,0,375,375,0,0,375,25,0,1,,,,,,降权,0.35,False,0,部分已解析,allow_with_attribution,75个试件端点唯一；工况均值、MIN/MAX、绘图辅助列和跨表复制不重复计数,同一SLS工况的3个重复同折；做材料外推时整个商业TPU加固定Kelvin几何来源同折,source_aggregate_plus_specimen_scalars_and_process_conditions,ledger-140-seong-2026-sls-tpu-lattice-data;ledger-141-seong-2026-sls-tpu-lattice,数据/原始/外部数据/新增开放数据/第八批实验_SLS_TPU晶格工艺/内容审计摘要.json;数据/原始/外部数据/新增开放数据/第八批实验_SLS_TPU晶格工艺/标量审计清单.tsv;数据/原始/外部数据/新增开放数据/第八批实验_SLS_TPU晶格工艺/文件校验清单.tsv,25个L25工况乘3重复形成75个真实SLS试件，公开Load@25%、Load@65%、SAG、HLR和Weight共375条逐试件端点； 其中300条性能端点单位闭合并进入Gold-E正式参考，75条Weight因原文未声明单位进入条件参考。 数据只代表一个商业TPU01GR和固定Kelvin晶格，不是25种配方；用于工艺—性能迁移时来源上限0.35， SAG因近似依赖两载荷降至0.15，Weight在单位闭合前至多0.10，SMILES或化学结构任务权重为0。 面能量密度LP除以SS和HD与含0.1毫米层厚的体积能量密度分别保存，禁止混用。
source_mendeley_bvv43yk29c_v1,scope_mendeley_bvv43yk29c_v1,family_nonisocyanate_linear_phcu,第八批实验_非异氰酸酯PHCU热塑性聚氨酯,无溶剂非异氰酸酯线性聚碳酸酯氨基甲酸酯多模态原始数据,10.17632/bvv43yk29c.1,非异氰酸酯线性PHCU组成—拉伸—热稳定性—多模态表征核心参考,实验,TPU核心,Gold-E,admitted_reference,45,6,6,,0,30,39,30,0,0,331138,331138,662276,9,0,1,,,,,,降权,0.6,False,0,部分已解析,allow_with_attribution,39条曲线按模态和PHCU配方归组；曲线点、二进制原件和同配方多模态记录不增加材料数,数据集DOI加PHCU代码同折；六个同系列配方建议组留一或整系列留出，禁止点级随机划分,source_aggregate_plus_formulations_and_multimodal_curves,ledger-142-shen-2018-nonisocyanate-phcu-data;ledger-143-shen-2018-nonisocyanate-phcu;ledger-144-zhang-2021-phcu-composition-semantics,数据/原始/外部数据/新增开放数据/第八批实验_非异氰酸酯PHCU热塑性聚氨酯/内容审计摘要.json;数据/原始/外部数据/新增开放数据/第八批实验_非异氰酸酯PHCU热塑性聚氨酯/曲线审计清单.tsv;数据/原始/外部数据/新增开放数据/第八批实验_非异氰酸酯PHCU热塑性聚氨酯/配方审计清单.tsv;数据/原始/外部数据/新增开放数据/第八批实验_非异氰酸酯PHCU热塑性聚氨酯/文件校验清单.tsv,六个PHCU10、20、30、40、50和70非异氰酸酯线性聚碳酸酯氨基甲酸酯配方，公开拉伸、TGA、GPC、NMR、FTIR、DSC和XRD原始数据； 30条数值曲线共331138个点进入Gold-E参考，另9条尚未解码或标签冲突的二进制曲线只作证据。 拉伸六曲线按顺序和论文范围推断到六配方，权重上限0.60；TGA上限0.55；GPC仅保留色谱曲线，不能伪造Mn或Mw。 DSC外部文件名与内部样品名存在三处冲突，未核对前监督权重为0；已知单体结构和HU摩尔比例可用于组成系列任务， 但没有唯一聚合物SMILES时精确结构—性能任务权重为0。
source_github_radonpy_pi1070_840dd4a,scope_radonpy_pi1070_840dd4a,family_radonpy_pi1070,第九批计算_RadonPy_PI1070,RadonPy PI1070高通量聚合物DFT与分子动力学固定数据,https://github.com/RadonPy/RadonPy/tree/840dd4a2b5f261fc9370bb6786eff0b71a463d2f/data,RadonPy聚氨酯重复单元DFT—全原子MD—反向NEMD多物性计算参考,模拟,迁移,Gold-C,admitted_reference,1077,1077,0,0,0,0,0,0,440,440,0,0,440,0,1077,1,,,,,,降权,0.2,False,0,已解析,allow_with_attribution,1077个原始SMILES与monomer_ID均唯一；属性汇总列不重复计材料,固定提交加区分大小写原始SMILES整材料同折,source_aggregate_plus_11_pu_structures_440_observations_and_1066_transfer_references,ledger-145-hayashi-radonpy-pi1070-data;ledger-146-hayashi-2022-radonpy,数据/原始/外部数据/新增开放数据/第九批计算_RadonPy_PI1070/内容审计摘要.json;数据/原始/外部数据/新增开放数据/第九批计算_RadonPy_PI1070/字段审计清单.tsv;数据/原始/外部数据/新增开放数据/第九批计算_RadonPy_PI1070/全量行审计.tsv;数据/原始/外部数据/新增开放数据/第九批计算_RadonPy_PI1070/PU重复单元清单.tsv;数据/原始/外部数据/新增开放数据/第九批计算_RadonPy_PI1070/PU计算观测清单.tsv;数据/原始/外部数据/新增开放数据/第九批计算_RadonPy_PI1070/下载清单.tsv,固定RadonPy提交中的PI1070.csv实含1077个唯一聚合物重复单元和157列DFT/MD/NEMD字段； 其中11个polymer_class=11聚氨酯重复单元字段完整，展开为440条带单位与方法身份的Gold-C计算观测， 其中198条为主要MD性质目标。它们是无定形聚氨酯均聚重复单元，不是分段TPU完整配方，也没有拉伸强度、 断裂伸长率、韧性或循环恢复标签。其余1066个非PU聚合物保持Gold-C迁移条件参考身份， 可用于通用聚合物表示预训练但不得冒充PU/TPU新材料。当前不创建训练集或逐条权重；未建立同QoI实验映射前项目潜在上限为0.20。
source_polyomics_data,polyomics_general_version,family_polyomics,第九批计算_PolyOmics,PolyOmics固定数据版本,10.57967/hf/7475,PolyOmics聚氨酯与聚脲多组分DFT—全原子MD多性质计算参考,模拟,迁移,Gold-C,admitted_reference,95335,6448,0,0,0,6588,0,0,209905,209905,0,0,209905,0,6537,1,,,,,,降权,0.2,False,0,部分已解析,allow_with_attribution,6588条PU相关模拟行归并为6448个来源内结构键和6537个模拟工况键,规范单体集合加比例/共聚类型/立构为结构组；同结构不同工况整组防泄漏,source_aggregate_plus_3384_purt_admitted_3204_pura_conditional_and_property_missingness,ledger-020-polyomics-2025;ledger-151-hayashi-2026-polyomics-data,数据/原始/外部数据/新增开放数据/第九批计算_PolyOmics/数据审计摘要.json;数据/原始/外部数据/新增开放数据/第九批计算_PolyOmics/字段覆盖.tsv;数据/原始/外部数据/新增开放数据/第九批计算_PolyOmics/PU计算参考.tsv;数据/原始/外部数据/新增开放数据/第九批计算_PolyOmics/PU结构重复组.tsv;数据/原始/外部数据/新增开放数据/第九批计算_PolyOmics/下载清单.tsv,固定Hugging Face revision的官方主表实含95335行和255列。显式class_PURT筛得3384条且全部check_eq为真， 作为Gold-C正式聚氨酯计算参考；另有3204条PURA-only聚脲相邻体系作为Gold-C条件迁移参考。 PU联集6588行全部可解析，来源内为6448个唯一结构和6537个唯一模拟工况；结构重合只增厚标签， 不重复声称为新材料。43项性质共保留209905个非空计算值及各自缺失状态；热导只有check_tc通过者可作正式热导目标， 43条有值但检查失败者仅作条件参考，1285条无热导值不补零。其余88747条一般聚合物只保留来源级迁移统计， 不冒充PU/TPU。当前不创建训练集；未完成同QoI实验校准前，PURT项目潜在上限为0.20，PURA-only条件参考上限为0.10。
source_sheffield_21510876_v1,scope_sheffield_21510876_v1,family_sheffield_pu_rational_design,第九批实验_Sheffield_PU理性设计,PU Rational Design Data,10.15131/shef.data.21510876.v1,PU泡沫催化剂—表面活性剂配方到发泡动力学—泡孔—流体输运多任务参考,实验,迁移,Gold-E,admitted_reference,959,39,39,40,0,40,155,151,764,755,63132,63096,63896,1,0,1,,,,,,降权,0.45,False,0,已解析,allow_with_attribution,40个实验批次按PPHP配方签名归并为39个唯一配方；F05-13与F05-34同配方同折,唯一PPHP配方签名整组同折；曲线、图像、滴液重复和派生标量不得跨折,source_aggregate_plus_39_formulations_155_curves_764_scalars,ledger-147-wright-2022-pu-rational-design-data;ledger-148-wright-2022-rational-pu-foam,数据/原始/外部数据/新增开放数据/第九批实验_Sheffield_PU理性设计/内容审计摘要.json;数据/原始/外部数据/新增开放数据/第九批实验_Sheffield_PU理性设计/配方审计清单.tsv;数据/原始/外部数据/新增开放数据/第九批实验_Sheffield_PU理性设计/曲线审计清单.tsv;数据/原始/外部数据/新增开放数据/第九批实验_Sheffield_PU理性设计/标量审计清单.tsv;数据/原始/外部数据/新增开放数据/第九批实验_Sheffield_PU理性设计/ZIP成员审计清单.tsv;数据/原始/外部数据/新增开放数据/第九批实验_Sheffield_PU理性设计/文件校验清单.tsv,Sheffield官方CC BY 4.0数据将23个筛选配方和16个最终DoE配方闭合到FoamPi绝热温升/泡高动力学、 异氰酸酯转化率、泡孔面积与直径、气流、有效开孔率、密度、WDPT、持水量和毛细输运。 40个实验批次只对应39个唯一配方，F05-34是F05-13的配方对照重复并共享泄漏组。 155条数值曲线共63132个点，其中151条PU曲线正式参考；764条标量中723条正式、32条毛细重拟合参数条件参考， 9条Rockwool标量与4条曲线仅作外部证据。商业原料只有产品级身份和PPHP，没有单体SMILES或批次Mn/Mw， 因此可用于泡沫配方—工艺—性能迁移和主动学习，不用于线性TPU精确结构监督。 ATR字段表示adiabatic temperature rise而非ATR-FTIR；表面活性剂命名冲突和毛细参数量纲问题均保留QA标志。
source_mendeley_z4zy523b8c_v1,scope_mendeley_z4zy523b8c_v1,family_sugar_filled_spu,第九批实验_糖填充超分子聚氨酯,Experimental characterisation and modelling of sugar-filled supramolecular polyurethane,10.17632/z4zy523b8c.1,糖填充热可逆超分子聚氨酯压缩实验—连续体模型多保真曲线参考,混合,迁移,Gold-E+Gold-C,admitted_reference,331,9,9,,,,331,331,0,0,115013,115013,230026,0,,1,,,,,,降权,0.75,False,0,部分已解析,manual_review,331条图层曲线引用中303条可解析，按curve_sha256归并为207个唯一数值载荷；96条重复引用不增加独立计权,9个材料条件及其全部实验、派生量和模型曲线共享单一SPU糖填充家族组，禁止跨折泄漏,source_aggregate_plus_9_material_conditions_331_curve_references_115013_points,ledger-149-chen-2022-sugar-filled-spu-data;ledger-150-chen-2022-sugar-filled-spu,数据/原始/外部数据/新增开放数据/第九批实验_糖填充超分子聚氨酯/内容审计摘要.json;数据/原始/外部数据/新增开放数据/第九批实验_糖填充超分子聚氨酯/材料条件清单.tsv;数据/原始/外部数据/新增开放数据/第九批实验_糖填充超分子聚氨酯/曲线审计清单.tsv;数据/原始/外部数据/新增开放数据/第九批实验_糖填充超分子聚氨酯/OPJ解析清单.tsv;数据/原始/外部数据/新增开放数据/第九批实验_糖填充超分子聚氨酯/文件校验清单.tsv,Mendeley Data固定version 1的28个Origin工程全部通过SHA-256与固定解析器核验；28个文件和144个导出工作表不是材料， 独立材料条件严格为未填充SPU加8个糖填充条件，共9个。331条图层曲线引用中87条正式准入、244条条件参考； 记录级分层为99条Gold-E实验/派生曲线、155条Gold-C已发表连续体或增强模型曲线、77条Gold-E+Gold-C混合对照， 来源级聚合为Gold-E+Gold-C。实验曲线上限0.75，已发表模型曲线上限0.25，混合条件记录至多0.10，重复、未解析或映射未闭合记录为0。 115013个曲线点只提高序列分辨率，不是独立材料样本。SPU精确重复单元SMILES未闭合，纯SMILES结构监督权重为0。 许可证为CC BY-NC 3.0；项目画像枚举没有独立noncommercial状态，故标为manual_review并与可商用数据隔离，禁止商业部署或公开再分发原件。
source_4tu_data,self_healing_tpu_4tu_deposit,family_4tu_self_healing,SelfHealingTPU_4TU,Self-healing TPU 4TU数据,doi:10.4121/13603775.v1,自修复TPU打印/切割/热流变多模态迁移,实验,迁移,Gold-E,admitted_reference,72,2,2,,26,,68,61,32,32,148379,131022,,0,0,1,,,,,,降权,0.55,False,0,部分已解析,allow_with_attribution,5条归一化依赖视图与2条负黏度曲线已隔离,2个材料家族与26个机械试样键可用,source_aggregate_plus_record_curves_scalars_and_formulations,ledger-021-ritzen-2021-self-healing-tpu,数据/原始/外部数据/力学曲线/SelfHealingTPU_4TU/内容审计摘要.json;数据/原始/外部数据/力学曲线/SelfHealingTPU_4TU/曲线审计清单.tsv;数据/原始/外部数据/力学曲线/SelfHealingTPU_4TU/标量审计清单.tsv;数据/原始/外部数据/力学曲线/SelfHealingTPU_4TU/配方审计清单.tsv,公开包含自修复TPU与Ninjaflex的机械、DSC、TGA、FTIR、流变及丝径数据；61条曲线和32个标量保留为Gold-E迁移参考，完整化学计量仍需正文补齐。
source_schwarz_data,schwarz2022_epu40_source_data,family_schwarz2022,Schwarz2022_EPU40,Schwarz 2022 EPU40 Raw Data,doi:10.17632/wcwtjrkfsm.1,光固化聚氨酯水老化—拉伸本构迁移,实验,迁移,Gold-E,admitted_reference,125,1,1,,45,45,45,45,205,205,73500,73500,205,0,0,1,,,,,,降权,0.65,False,0,已解析,allow_with_attribution,45条有效曲线唯一且10个空列对不计记录,45个试样键可用且同一商业材料条件必须同折,source_aggregate_plus_record_curves_scalars_and_formulation,ledger-024-schwarz-2022-epu40,数据/原始/外部数据/力学曲线/Schwarz2022_EPU40/内容审计摘要.json;数据/原始/外部数据/力学曲线/Schwarz2022_EPU40/曲线审计清单.tsv;数据/原始/外部数据/力学曲线/Schwarz2022_EPU40/标量审计清单.tsv;数据/原始/外部数据/力学曲线/Schwarz2022_EPU40/配方审计清单.tsv,45条应力—伸长比曲线、135个同试样失效/模量端点和70个厚度质量辅助标量；商业EPU40组成未知，不构造伪SMILES。
source_zenodo4156000,zenodo_4156000,family_zenodo4156000,Zenodo4156000,TPU/TPS导电丝材数据,zenodo:4156000,导电热塑性弹性体打印—力电耦合迁移,实验,迁移,Gold-E,admitted_reference,33,2,2,,,14,33,25,0,0,377353,152271,,0,0,1,,,,,,降权,0.35,False,0,已解析,allow_with_attribution,1对文件精确重复且6条协议输入通道已隔离,2个化学配方同折且3个工艺条件/14个运行组可追溯,source_aggregate_plus_record_curves_and_formulations,ledger-026-georgopoulou-2020-sensing-filaments,数据/原始/外部数据/力学曲线/Zenodo4156000/内容审计摘要.json;数据/原始/外部数据/力学曲线/Zenodo4156000/曲线审计清单.tsv;数据/原始/外部数据/力学曲线/Zenodo4156000/配方审计清单.tsv,33个曲线通道全部保留原始证据；25个材料响应通道进入Gold-E迁移参考。Eel导电TPU与Empa SEBS/炭黑为2个化学配方，Empa0.3/0.5只是同配方工艺条件；协议输入和重复冲突通道权重为0。
source_zenodo1098206,zenodo_1098206,family_zenodo1098206,Zenodo1098206,多孔导电TPU纳米复合膜数据,zenodo:1098206,多孔CNF/TPU力学—导电—孔隙多任务迁移,实验,迁移,Gold-E,admitted_reference,68,6,5,,25,55,55,55,63,57,43032,43032,63,0,0,1,,,,,,降权,0.6,False,0,部分已解析,allow_with_attribution,55条曲线无精确重复且错误公式已逐项隔离,5个配方家族与25个拉伸试样键可用,source_aggregate_plus_record_curves_scalars_and_formulations,ledger-027-wu-2017-porous-tpu,数据/原始/外部数据/力学曲线/Zenodo1098206/内容审计摘要.json;数据/原始/外部数据/力学曲线/Zenodo1098206/曲线审计清单.tsv;数据/原始/外部数据/力学曲线/Zenodo1098206/标量审计清单.tsv;数据/原始/外部数据/力学曲线/Zenodo1098206/配方审计清单.tsv,正文闭合IROGRAN PS 455-203与0/10/20/30/40 wt% CNF；55条原始曲线和57个候选标量用于多任务迁移，6个错误厚度引用及依赖统计量不重复计权。
